id_transaction,id_date,date,id_cust,customer_name,age,id_branch,branch_name,id_city,city,id_menu,menu_name,id_category,category,quantity,price,discount_percent,rating,id_method,method,total_price
TRX0395,TGL0501,1/1/2024,CNA0101,Anisa Wirawan,27,BRCH001,Kedai Kopi Dago,KOA0102,Bandung,MENU001,Cappuccino,KTG0205,Kopi,5,25000,15,3.1,PAY0709,QRIS,106250
TRX0502,TGL0501,1/1/2024,CNA0102,Yusuf Kusuma,36,BRCH002,Kedai Kopi Senayan,KOA0103,Jakarta,MENU002,Red Velvet Cake,KTG0206,Makanan,1,30000,15,1.9,PAY0710,Cash,25500
TRX0726,TGL0501,1/1/2024,CNA0103,Nanda Nugraha,44,BRCH003,Kedai Kopi Tunjungan,KOA0104,Surabaya,MENU003,Kopi Susu Gula Aren,KTG0205,Kopi,3,22000,0,4.6,PAY0711,Kartu Kredit,66000
TRX0884,TGL0501,1/1/2024,CNA0104,Nur Kusuma,41,BRCH001,Kedai Kopi Dago,KOA0102,Bandung,MENU004,Matcha Latte,KTG0207,Non-Kopi,3,28000,0,3.7,PAY0709,QRIS,84000
TRX0015,TGL0502,1/2/2024,CNA0105,Hana Salsabila,53,BRCH004,Kedai Kopi Merdeka,KOA0105,Medan,MENU005,Croissant,KTG0206,Makanan,4,23000,0,2.1,PAY0712,Transfer,92000
TRX0630,TGL0503,1/3/2024,CNA0106,Indah Rahman,30,BRCH005,Kedai Kopi Losari,KOA0106,Makassar,MENU006,Sandwich Ayam,KTG0206,Makanan,1,32000,0,2.2,PAY0712,Transfer,32000
TRX0702,TGL0504,1/4/2024,CNA0107,Reza Saputra,19,BRCH002,Kedai Kopi Senayan,KOA0103,Jakarta,MENU007,Chocolate Latte,KTG0207,Non-Kopi,4,27000,0,2.2,PAY0709,QRIS,108000
TRX0468,TGL0505,1/5/2024,CNA0108,Jasmine Halim,21,BRCH005,Kedai Kopi Losari,KOA0106,Makassar,MENU008,Americano,KTG0205,Kopi,4,20000,15,3.7,PAY0711,Kartu Kredit,68000
TRX0771,TGL0505,1/5/2024,CNA0109,Agus Lestari,45,BRCH005,Kedai Kopi Losari,KOA0106,Makassar,MENU004,Matcha Latte,KTG0207,Non-Kopi,2,28000,20,3,PAY0712,Transfer,44800
TRX0580,TGL0505,1/5/2024,CNA0110,Fitri Permata,39,BRCH002,Kedai Kopi Senayan,KOA0103,Jakarta,MENU005,Croissant,KTG0206,Makanan,2,23000,15,4.6,PAY0709,QRIS,39100
TRX0167,TGL0505,1/5/2024,CNA0111,Gita Santoso,40,BRCH004,Kedai Kopi Merdeka,KOA0105,Medan,MENU008,Americano,KTG0205,Kopi,2,20000,20,3.8,PAY0710,Cash,32000
TRX0698,TGL0506,1/6/2024,CNA0112,Zaki Anggraini,22,BRCH005,Kedai Kopi Losari,KOA0106,Makassar,MENU007,Chocolate Latte,KTG0207,Non-Kopi,1,27000,15,4.2,PAY0709,QRIS,22950
TRX0998,TGL0507,1/7/2024,CNA0113,Wulan Saputra,33,BRCH003,Kedai Kopi Tunjungan,KOA0104,Surabaya,MENU003,Kopi Susu Gula Aren,KTG0205,Kopi,1,22000,15,2.4,PAY0709,QRIS,18700
TRX0629,TGL0507,1/7/2024,CNA0114,Farah Maharani,51,BRCH003,Kedai Kopi Tunjungan,KOA0104,Surabaya,MENU002,Red Velvet Cake,KTG0206,Makanan,2,30000,5,3.8,PAY0710,Cash,57000
TRX0609,TGL0508,1/8/2024,CNA0115,Gunawan Salsabila,46,BRCH003,Kedai Kopi Tunjungan,KOA0104,Surabaya,MENU009,Kentang Goreng,KTG0206,Makanan,1,18000,10,4,PAY0712,Transfer,16200
TRX0974,TGL0508,1/8/2024,CNA0116,Nur Yulianto,45,BRCH005,Kedai Kopi Losari,KOA0106,Makassar,MENU006,Sandwich Ayam,KTG0206,Makanan,3,32000,5,1.4,PAY0709,QRIS,91200
TRX0440,TGL0508,1/8/2024,CNA0117,Oscar Hidayat,53,BRCH004,Kedai Kopi Merdeka,KOA0105,Medan,MENU003,Kopi Susu Gula Aren,KTG0205,Kopi,2,22000,10,1.7,PAY0709,QRIS,39600
TRX0345,TGL0509,1/9/2024,CNA0118,Anisa Salsabila,22,BRCH002,Kedai Kopi Senayan,KOA0103,Jakarta,MENU006,Sandwich Ayam,KTG0206,Makanan,5,32000,0,1.2,PAY0710,Cash,160000
TRX0022,TGL0509,1/9/2024,CNA0119,Rizky Ramadhan,35,BRCH005,Kedai Kopi Losari,KOA0106,Makassar,MENU009,Kentang Goreng,KTG0206,Makanan,4,18000,5,2.2,PAY0711,Kartu Kredit,68400
TRX0736,TGL0510,1/10/2024,CNA0120,Umar Kurniawan,44,BRCH005,Kedai Kopi Losari,KOA0106,Makassar,MENU005,Croissant,KTG0206,Makanan,1,23000,10,4.5,PAY0709,QRIS,20700
TRX0465,TGL0510,1/10/2024,CNA0121,Tono Maharani,25,BRCH004,Kedai Kopi Merdeka,KOA0105,Medan,MENU009,Kentang Goreng,KTG0206,Makanan,3,18000,0,4.9,PAY0710,Cash,54000
TRX0846,TGL0511,1/11/2024,CNA0122,Reza Iskandar,20,BRCH002,Kedai Kopi Senayan,KOA0103,Jakarta,MENU001,Cappuccino,KTG0205,Kopi,1,25000,15,3.6,PAY0711,Kartu Kredit,21250
TRX0434,TGL0512,1/12/2024,CNA0123,Qonaah Kurniawan,31,BRCH002,Kedai Kopi Senayan,KOA0103,Jakarta,MENU005,Croissant,KTG0206,Makanan,3,23000,15,3.1,PAY0711,Kartu Kredit,58650
TRX0259,TGL0512,1/12/2024,CNA0124,Ulfa Anggraini,33,BRCH005,Kedai Kopi Losari,KOA0106,Makassar,MENU005,Croissant,KTG0206,Makanan,4,23000,20,1.1,PAY0711,Kartu Kredit,73600
TRX0740,TGL0513,1/13/2024,CNA0121,Tono Maharani,25,BRCH004,Kedai Kopi Merdeka,KOA0105,Medan,MENU002,Red Velvet Cake,KTG0206,Makanan,3,30000,0,3.5,PAY0709,QRIS,90000
TRX0830,TGL0514,1/15/2024,CNA0126,Sinta Iskandar,30,BRCH003,Kedai Kopi Tunjungan,KOA0104,Surabaya,MENU003,Kopi Susu Gula Aren,KTG0205,Kopi,4,22000,5,3.9,PAY0710,Cash,83600
TRX0806,TGL0514,1/15/2024,CNA0127,Citra Permata,48,BRCH001,Kedai Kopi Dago,KOA0102,Bandung,MENU003,Kopi Susu Gula Aren,KTG0205,Kopi,1,22000,0,2.2,PAY0712,Transfer,22000
TRX0636,TGL0514,1/15/2024,CNA0128,Qonaah Utami,36,BRCH003,Kedai Kopi Tunjungan,KOA0104,Surabaya,MENU004,Matcha Latte,KTG0207,Non-Kopi,1,28000,15,1.6,PAY0711,Kartu Kredit,23800
TRX0237,TGL0515,1/16/2024,CNA0129,Sari Halim,49,BRCH003,Kedai Kopi Tunjungan,KOA0104,Surabaya,MENU006,Sandwich Ayam,KTG0206,Makanan,4,32000,0,3.5,PAY0710,Cash,128000
TRX0087,TGL0516,1/17/2024,CNA0130,Zainal Handoko,33,BRCH002,Kedai Kopi Senayan,KOA0103,Jakarta,MENU008,Americano,KTG0205,Kopi,2,20000,0,4,PAY0712,Transfer,40000
TRX0951,TGL0517,1/18/2024,CNA0131,Hadi Iskandar,45,BRCH004,Kedai Kopi Merdeka,KOA0105,Medan,MENU005,Croissant,KTG0206,Makanan,1,23000,0,2.7,PAY0709,QRIS,23000
TRX0112,TGL0517,1/18/2024,CNA0132,Putri Anggraini,40,BRCH004,Kedai Kopi Merdeka,KOA0105,Medan,MENU001,Cappuccino,KTG0205,Kopi,3,25000,20,4,PAY0712,Transfer,60000
TRX0950,TGL0518,1/19/2024,CNA0133,Salsa Maharani,42,BRCH002,Kedai Kopi Senayan,KOA0103,Jakarta,MENU001,Cappuccino,KTG0205,Kopi,1,25000,0,3.9,PAY0709,QRIS,25000
TRX0306,TGL0518,1/19/2024,CNA0134,Lutfi Halim,54,BRCH002,Kedai Kopi Senayan,KOA0103,Jakarta,MENU008,Americano,KTG0205,Kopi,2,20000,0,1,PAY0711,Kartu Kredit,40000
TRX0137,TGL0519,1/20/2024,CNA0108,Jasmine Halim,21,BRCH003,Kedai Kopi Tunjungan,KOA0104,Surabaya,MENU004,Matcha Latte,KTG0207,Non-Kopi,3,28000,20,1.9,PAY0712,Transfer,67200
TRX0066,TGL0520,1/22/2024,CNA0136,Ahmad Maharani,31,BRCH001,Kedai Kopi Dago,KOA0102,Bandung,MENU005,Croissant,KTG0206,Makanan,5,23000,0,3.8,PAY0709,QRIS,115000
TRX0492,TGL0521,1/23/2024,CNA0137,Zaki Suryadi,32,BRCH005,Kedai Kopi Losari,KOA0106,Makassar,MENU007,Chocolate Latte,KTG0207,Non-Kopi,4,27000,5,2.2,PAY0711,Kartu Kredit,102600
TRX0851,TGL0521,1/23/2024,CNA0138,Dian Puspita,53,BRCH002,Kedai Kopi Senayan,KOA0103,Jakarta,MENU001,Cappuccino,KTG0205,Kopi,4,25000,20,2.9,PAY0712,Transfer,80000
TRX0788,TGL0521,1/23/2024,CNA0139,Budi Susanto,51,BRCH003,Kedai Kopi Tunjungan,KOA0104,Surabaya,MENU009,Kentang Goreng,KTG0206,Makanan,4,18000,0,1.9,PAY0711,Kartu Kredit,72000
TRX0227,TGL0521,1/23/2024,CNA0140,Tono Amelia,43,BRCH003,Kedai Kopi Tunjungan,KOA0104,Surabaya,MENU005,Croissant,KTG0206,Makanan,4,23000,0,2.2,PAY0710,Cash,92000
TRX0652,TGL0522,1/25/2024,CNA0126,Sinta Iskandar,30,BRCH005,Kedai Kopi Losari,KOA0106,Makassar,MENU008,Americano,KTG0205,Kopi,5,20000,5,3.5,PAY0710,Cash,95000
TRX0324,TGL0522,1/25/2024,CNA0104,Nur Kusuma,41,BRCH004,Kedai Kopi Merdeka,KOA0105,Medan,MENU004,Matcha Latte,KTG0207,Non-Kopi,3,28000,20,1.2,PAY0712,Transfer,67200
TRX0911,TGL0522,1/25/2024,CNA0143,Miko Kusuma,49,BRCH002,Kedai Kopi Senayan,KOA0103,Jakarta,MENU004,Matcha Latte,KTG0207,Non-Kopi,5,28000,5,1.2,PAY0711,Kartu Kredit,133000
TRX0712,TGL0523,1/26/2024,CNA0144,Widya Puspita,42,BRCH003,Kedai Kopi Tunjungan,KOA0104,Surabaya,MENU003,Kopi Susu Gula Aren,KTG0205,Kopi,3,22000,15,1.2,PAY0709,QRIS,56100
TRX0607,TGL0523,1/26/2024,CNA0145,Qori Pratama,19,BRCH005,Kedai Kopi Losari,KOA0106,Makassar,MENU009,Kentang Goreng,KTG0206,Makanan,5,18000,0,2,PAY0711,Kartu Kredit,90000
TRX0074,TGL0524,1/27/2024,CNA0146,Fitri Anggraini,37,BRCH001,Kedai Kopi Dago,KOA0102,Bandung,MENU010,Espresso,KTG0205,Kopi,5,18000,15,2.9,PAY0711,Kartu Kredit,76500
TRX0640,TGL0525,1/28/2024,CNA0147,Maya Firmansyah,23,BRCH005,Kedai Kopi Losari,KOA0106,Makassar,MENU004,Matcha Latte,KTG0207,Non-Kopi,5,28000,15,3,PAY0709,QRIS,119000
TRX0620,TGL0525,1/28/2024,CNA0148,Fitri Kusuma,53,BRCH003,Kedai Kopi Tunjungan,KOA0104,Surabaya,MENU005,Croissant,KTG0206,Makanan,1,23000,20,2.1,PAY0710,Cash,18400
TRX0359,TGL0526,1/29/2024,CNA0149,Bella Wijaya,33,BRCH005,Kedai Kopi Losari,KOA0106,Makassar,MENU003,Kopi Susu Gula Aren,KTG0205,Kopi,1,22000,0,2.4,PAY0712,Transfer,22000
TRX0872,TGL0526,1/29/2024,CNA0150,Qori Wijaya,24,BRCH002,Kedai Kopi Senayan,KOA0103,Jakarta,MENU002,Red Velvet Cake,KTG0206,Makanan,4,30000,10,3.5,PAY0712,Transfer,108000
TRX0941,TGL0527,2/1/2024,CNA0151,Erna Maharani,20,BRCH004,Kedai Kopi Merdeka,KOA0105,Medan,MENU008,Americano,KTG0205,Kopi,4,20000,0,4.4,PAY0711,Kartu Kredit,80000
TRX0061,TGL0528,2/2/2024,CNA0152,Ulfa Ramadhan,49,BRCH003,Kedai Kopi Tunjungan,KOA0104,Surabaya,MENU009,Kentang Goreng,KTG0206,Makanan,5,18000,5,4.2,PAY0710,Cash,85500
TRX0663,TGL0529,2/3/2024,CNA0153,Teguh Salsabila,20,BRCH001,Kedai Kopi Dago,KOA0102,Bandung,MENU009,Kentang Goreng,KTG0206,Makanan,5,18000,0,4.5,PAY0712,Transfer,90000
TRX0509,TGL0529,2/3/2024,CNA0154,Yoga Amelia,44,BRCH003,Kedai Kopi Tunjungan,KOA0104,Surabaya,MENU005,Croissant,KTG0206,Makanan,3,23000,20,2.8,PAY0710,Cash,55200
TRX0264,TGL0530,2/4/2024,CNA0155,Panji Wardani,18,BRCH002,Kedai Kopi Senayan,KOA0103,Jakarta,MENU005,Croissant,KTG0206,Makanan,5,23000,10,3.3,PAY0710,Cash,103500
TRX0135,TGL0531,2/5/2024,CNA0133,Salsa Maharani,42,BRCH003,Kedai Kopi Tunjungan,KOA0104,Surabaya,MENU006,Sandwich Ayam,KTG0206,Makanan,3,32000,0,3.5,PAY0709,QRIS,96000
TRX0096,TGL0532,2/6/2024,CNA0157,Teguh Wardani,29,BRCH004,Kedai Kopi Merdeka,KOA0105,Medan,MENU010,Espresso,KTG0205,Kopi,4,18000,0,4.4,PAY0709,QRIS,72000
TRX0293,TGL0532,2/6/2024,CNA0158,Maya Kurniawan,48,BRCH004,Kedai Kopi Merdeka,KOA0105,Medan,MENU010,Espresso,KTG0205,Kopi,5,18000,0,1.2,PAY0712,Transfer,90000
TRX0020,TGL0532,2/6/2024,CNA0159,Dewi Pratama,17,BRCH004,Kedai Kopi Merdeka,KOA0105,Medan,MENU009,Kentang Goreng,KTG0206,Makanan,5,18000,0,4.4,PAY0712,Transfer,90000
TRX0068,TGL0533,2/7/2024,CNA0103,Nanda Nugraha,44,BRCH002,Kedai Kopi Senayan,KOA0103,Jakarta,MENU001,Cappuccino,KTG0205,Kopi,4,25000,0,3.3,PAY0709,QRIS,100000
TRX0642,TGL0534,2/8/2024,CNA0147,Maya Firmansyah,23,BRCH004,Kedai Kopi Merdeka,KOA0105,Medan,MENU010,Espresso,KTG0205,Kopi,4,18000,5,3.9,PAY0711,Kartu Kredit,68400
TRX0797,TGL0534,2/8/2024,CNA0162,Indah Wijaya,24,BRCH003,Kedai Kopi Tunjungan,KOA0104,Surabaya,MENU004,Matcha Latte,KTG0207,Non-Kopi,5,28000,0,2.9,PAY0712,Transfer,140000
TRX0331,TGL0534,2/8/2024,CNA0137,Zaki Suryadi,32,BRCH001,Kedai Kopi Dago,KOA0102,Bandung,MENU010,Espresso,KTG0205,Kopi,5,18000,20,3.2,PAY0710,Cash,72000
TRX0128,TGL0534,2/8/2024,CNA0164,Bella Pratama,48,BRCH004,Kedai Kopi Merdeka,KOA0105,Medan,MENU005,Croissant,KTG0206,Makanan,3,23000,0,1.4,PAY0711,Kartu Kredit,69000
TRX0383,TGL0534,2/8/2024,CNA0165,Sari Iskandar,18,BRCH004,Kedai Kopi Merdeka,KOA0105,Medan,MENU001,Cappuccino,KTG0205,Kopi,4,25000,0,4.8,PAY0712,Transfer,100000
TRX0694,TGL0535,2/9/2024,CNA0166,Umar Handoko,48,BRCH005,Kedai Kopi Losari,KOA0106,Makassar,MENU008,Americano,KTG0205,Kopi,3,20000,20,2.3,PAY0710,Cash,48000
TRX0450,TGL0536,2/10/2024,CNA0167,Laila Wardani,38,BRCH003,Kedai Kopi Tunjungan,KOA0104,Surabaya,MENU006,Sandwich Ayam,KTG0206,Makanan,3,32000,0,3.8,PAY0709,QRIS,96000
TRX0778,TGL0537,2/11/2024,CNA0168,Salsa Pratama,37,BRCH002,Kedai Kopi Senayan,KOA0103,Jakarta,MENU001,Cappuccino,KTG0205,Kopi,1,25000,0,3.7,PAY0709,QRIS,25000
TRX0334,TGL0537,2/11/2024,CNA0169,Hana Permata,53,BRCH005,Kedai Kopi Losari,KOA0106,Makassar,MENU003,Kopi Susu Gula Aren,KTG0205,Kopi,2,22000,0,3.3,PAY0710,Cash,44000
TRX0561,TGL0538,2/12/2024,CNA0170,Yudha Wijaya,18,BRCH001,Kedai Kopi Dago,KOA0102,Bandung,MENU010,Espresso,KTG0205,Kopi,3,18000,0,2.1,PAY0709,QRIS,54000
TRX0255,TGL0538,2/12/2024,CNA0171,Candra Iskandar,43,BRCH001,Kedai Kopi Dago,KOA0102,Bandung,MENU008,Americano,KTG0205,Kopi,3,20000,5,4.8,PAY0709,QRIS,57000
TRX0591,TGL0539,2/15/2024,CNA0172,Xena Halim,51,BRCH005,Kedai Kopi Losari,KOA0106,Makassar,MENU009,Kentang Goreng,KTG0206,Makanan,1,18000,0,2.7,PAY0711,Kartu Kredit,18000
TRX0092,TGL0539,2/15/2024,CNA0173,Panji Kurniawan,35,BRCH001,Kedai Kopi Dago,KOA0102,Bandung,MENU007,Chocolate Latte,KTG0207,Non-Kopi,1,27000,5,2.6,PAY0712,Transfer,25650
TRX0214,TGL0540,2/16/2024,CNA0174,Candra Wijaya,48,BRCH004,Kedai Kopi Merdeka,KOA0105,Medan,MENU009,Kentang Goreng,KTG0206,Makanan,4,18000,0,1.7,PAY0711,Kartu Kredit,72000
TRX0597,TGL0540,2/16/2024,CNA0175,Lutfi Setiawan,48,BRCH005,Kedai Kopi Losari,KOA0106,Makassar,MENU006,Sandwich Ayam,KTG0206,Makanan,4,32000,0,1.3,PAY0710,Cash,128000
TRX0171,TGL0540,2/16/2024,CNA0176,Fajar Puspita,25,BRCH005,Kedai Kopi Losari,KOA0106,Makassar,MENU001,Cappuccino,KTG0205,Kopi,1,25000,10,2.4,PAY0712,Transfer,22500
TRX0422,TGL0540,2/16/2024,CNA0177,Oscar Suryadi,38,BRCH002,Kedai Kopi Senayan,KOA0103,Jakarta,MENU005,Croissant,KTG0206,Makanan,1,23000,15,2,PAY0711,Kartu Kredit,19550
TRX0835,TGL0540,2/16/2024,CNA0115,Gunawan Salsabila,46,BRCH002,Kedai Kopi Senayan,KOA0103,Jakarta,MENU004,Matcha Latte,KTG0207,Non-Kopi,2,28000,20,2,PAY0710,Cash,44800
TRX0604,TGL0541,2/17/2024,CNA0150,Qori Wijaya,24,BRCH002,Kedai Kopi Senayan,KOA0103,Jakarta,MENU002,Red Velvet Cake,KTG0206,Makanan,5,30000,0,4.5,PAY0709,QRIS,150000
TRX0085,TGL0542,2/18/2024,CNA0180,Joko Santoso,19,BRCH003,Kedai Kopi Tunjungan,KOA0104,Surabaya,MENU004,Matcha Latte,KTG0207,Non-Kopi,1,28000,20,3,PAY0711,Kartu Kredit,22400
TRX0923,TGL0542,2/18/2024,CNA0181,Umar Santoso,43,BRCH002,Kedai Kopi Senayan,KOA0103,Jakarta,MENU006,Sandwich Ayam,KTG0206,Makanan,3,32000,5,3.5,PAY0711,Kartu Kredit,91200
TRX0871,TGL0543,2/20/2024,CNA0107,Reza Saputra,19,BRCH002,Kedai Kopi Senayan,KOA0103,Jakarta,MENU003,Kopi Susu Gula Aren,KTG0205,Kopi,2,22000,0,1.6,PAY0712,Transfer,44000
TRX0147,TGL0543,2/20/2024,CNA0183,Candra Yulianto,54,BRCH003,Kedai Kopi Tunjungan,KOA0104,Surabaya,MENU001,Cappuccino,KTG0205,Kopi,4,25000,20,2.2,PAY0712,Transfer,80000
TRX0578,TGL0543,2/20/2024,CNA0184,Zaki Santoso,24,BRCH001,Kedai Kopi Dago,KOA0102,Bandung,MENU002,Red Velvet Cake,KTG0206,Makanan,4,30000,15,1.9,PAY0709,QRIS,102000
TRX0503,TGL0543,2/20/2024,CNA0185,Gita Kusuma,22,BRCH004,Kedai Kopi Merdeka,KOA0105,Medan,MENU007,Chocolate Latte,KTG0207,Non-Kopi,4,27000,5,3.5,PAY0712,Transfer,102600
TRX0982,TGL0543,2/20/2024,CNA0186,Taufik Kusuma,53,BRCH003,Kedai Kopi Tunjungan,KOA0104,Surabaya,MENU002,Red Velvet Cake,KTG0206,Makanan,5,30000,0,3.6,PAY0711,Kartu Kredit,150000
TRX0557,TGL0544,2/22/2024,CNA0187,Putri Salsabila,49,BRCH001,Kedai Kopi Dago,KOA0102,Bandung,MENU003,Kopi Susu Gula Aren,KTG0205,Kopi,1,22000,0,1.3,PAY0710,Cash,22000
TRX0164,TGL0544,2/22/2024,CNA0188,Oki Lestari,19,BRCH005,Kedai Kopi Losari,KOA0106,Makassar,MENU009,Kentang Goreng,KTG0206,Makanan,2,18000,10,4,PAY0711,Kartu Kredit,32400
TRX0160,TGL0545,2/23/2024,CNA0127,Citra Permata,48,BRCH001,Kedai Kopi Dago,KOA0102,Bandung,MENU009,Kentang Goreng,KTG0206,Makanan,3,18000,0,3.1,PAY0710,Cash,54000
TRX0030,TGL0545,2/23/2024,CNA0133,Salsa Maharani,42,BRCH001,Kedai Kopi Dago,KOA0102,Bandung,MENU010,Espresso,KTG0205,Kopi,3,18000,0,2.3,PAY0712,Transfer,54000
TRX0978,TGL0545,2/23/2024,CNA0191,Erna Kusuma,41,BRCH001,Kedai Kopi Dago,KOA0102,Bandung,MENU010,Espresso,KTG0205,Kopi,3,18000,0,5,PAY0710,Cash,54000
TRX0521,TGL0545,2/23/2024,CNA0192,Utari Handoko,20,BRCH005,Kedai Kopi Losari,KOA0106,Makassar,MENU001,Cappuccino,KTG0205,Kopi,4,25000,10,2.6,PAY0710,Cash,90000
TRX0963,TGL0546,2/24/2024,CNA0153,Teguh Salsabila,20,BRCH003,Kedai Kopi Tunjungan,KOA0104,Surabaya,MENU002,Red Velvet Cake,KTG0206,Makanan,3,30000,10,2.6,PAY0710,Cash,81000
TRX0969,TGL0546,2/24/2024,CNA0122,Reza Iskandar,20,BRCH004,Kedai Kopi Merdeka,KOA0105,Medan,MENU010,Espresso,KTG0205,Kopi,3,18000,0,3.5,PAY0710,Cash,54000
TRX0601,TGL0547,2/25/2024,CNA0195,Qonaah Firmansyah,42,BRCH005,Kedai Kopi Losari,KOA0106,Makassar,MENU003,Kopi Susu Gula Aren,KTG0205,Kopi,4,22000,5,1.1,PAY0710,Cash,83600
TRX0616,TGL0547,2/25/2024,CNA0128,Qonaah Utami,36,BRCH003,Kedai Kopi Tunjungan,KOA0104,Surabaya,MENU004,Matcha Latte,KTG0207,Non-Kopi,2,28000,20,4.4,PAY0709,QRIS,44800
TRX0406,TGL0548,2/27/2024,CNA0138,Dian Puspita,53,BRCH005,Kedai Kopi Losari,KOA0106,Makassar,MENU004,Matcha Latte,KTG0207,Non-Kopi,4,28000,0,3.1,PAY0711,Kartu Kredit,112000
TRX0182,TGL0548,2/27/2024,CNA0158,Maya Kurniawan,48,BRCH001,Kedai Kopi Dago,KOA0102,Bandung,MENU007,Chocolate Latte,KTG0207,Non-Kopi,2,27000,0,2.9,PAY0712,Transfer,54000
TRX0189,TGL0548,2/27/2024,CNA0199,Dian Permata,24,BRCH004,Kedai Kopi Merdeka,KOA0105,Medan,MENU005,Croissant,KTG0206,Makanan,1,23000,0,1.8,PAY0709,QRIS,23000
TRX0390,TGL0548,2/27/2024,CNA0200,Ahmad Rahman,51,BRCH003,Kedai Kopi Tunjungan,KOA0104,Surabaya,MENU004,Matcha Latte,KTG0207,Non-Kopi,4,28000,0,4.4,PAY0710,Cash,112000
TRX0576,TGL0549,3/1/2024,CNA0201,Galih Permata,23,BRCH002,Kedai Kopi Senayan,KOA0103,Jakarta,MENU008,Americano,KTG0205,Kopi,2,20000,20,2.3,PAY0712,Transfer,32000
TRX0300,TGL0550,3/2/2024,CNA0202,Dian Pratama,53,BRCH004,Kedai Kopi Merdeka,KOA0105,Medan,MENU001,Cappuccino,KTG0205,Kopi,4,25000,0,3.5,PAY0712,Transfer,100000
TRX0918,TGL0551,3/3/2024,CNA0203,Zainal Hidayat,22,BRCH003,Kedai Kopi Tunjungan,KOA0104,Surabaya,MENU009,Kentang Goreng,KTG0206,Makanan,4,18000,0,4.5,PAY0711,Kartu Kredit,72000
TRX0477,TGL0551,3/3/2024,CNA0204,Wahyu Saputra,40,BRCH004,Kedai Kopi Merdeka,KOA0105,Medan,MENU004,Matcha Latte,KTG0207,Non-Kopi,2,28000,0,1.9,PAY0710,Cash,56000
TRX0931,TGL0551,3/3/2024,CNA0205,Miko Rahman,17,BRCH001,Kedai Kopi Dago,KOA0102,Bandung,MENU002,Red Velvet Cake,KTG0206,Makanan,2,30000,0,3.5,PAY0712,Transfer,60000
TRX0471,TGL0552,3/5/2024,CNA0192,Utari Handoko,20,BRCH003,Kedai Kopi Tunjungan,KOA0104,Surabaya,MENU002,Red Velvet Cake,KTG0206,Makanan,1,30000,15,2.2,PAY0711,Kartu Kredit,25500
TRX0655,TGL0553,3/7/2024,CNA0207,Vera Santoso,50,BRCH005,Kedai Kopi Losari,KOA0106,Makassar,MENU005,Croissant,KTG0206,Makanan,4,23000,0,3.1,PAY0709,QRIS,92000
TRX0844,TGL0554,3/9/2024,CNA0208,Ratna Wardani,21,BRCH005,Kedai Kopi Losari,KOA0106,Makassar,MENU009,Kentang Goreng,KTG0206,Makanan,4,18000,5,1.1,PAY0709,QRIS,68400
TRX0555,TGL0554,3/9/2024,CNA0201,Galih Permata,23,BRCH001,Kedai Kopi Dago,KOA0102,Bandung,MENU002,Red Velvet Cake,KTG0206,Makanan,2,30000,0,2,PAY0712,Transfer,60000
TRX0321,TGL0554,3/9/2024,CNA0202,Dian Pratama,53,BRCH002,Kedai Kopi Senayan,KOA0103,Jakarta,MENU001,Cappuccino,KTG0205,Kopi,3,25000,0,3.5,PAY0712,Transfer,75000
TRX0213,TGL0554,3/9/2024,CNA0211,Puti Saputra,49,BRCH005,Kedai Kopi Losari,KOA0106,Makassar,MENU007,Chocolate Latte,KTG0207,Non-Kopi,1,27000,10,4.9,PAY0712,Transfer,24300
TRX0374,TGL0555,3/10/2024,CNA0212,Novi Saputra,39,BRCH001,Kedai Kopi Dago,KOA0102,Bandung,MENU003,Kopi Susu Gula Aren,KTG0205,Kopi,4,22000,0,3.4,PAY0710,Cash,88000
TRX0512,TGL0556,3/12/2024,CNA0168,Salsa Pratama,37,BRCH005,Kedai Kopi Losari,KOA0106,Makassar,MENU006,Sandwich Ayam,KTG0206,Makanan,3,32000,0,4.3,PAY0711,Kartu Kredit,96000
TRX0595,TGL0557,3/13/2024,CNA0214,Ilham Firmansyah,18,BRCH001,Kedai Kopi Dago,KOA0102,Bandung,MENU008,Americano,KTG0205,Kopi,4,20000,0,3.6,PAY0711,Kartu Kredit,80000
TRX0346,TGL0558,3/14/2024,CNA0215,Puti Iskandar,52,BRCH002,Kedai Kopi Senayan,KOA0103,Jakarta,MENU003,Kopi Susu Gula Aren,KTG0205,Kopi,2,22000,0,3.2,PAY0709,QRIS,44000
TRX0276,TGL0559,3/15/2024,CNA0137,Zaki Suryadi,32,BRCH003,Kedai Kopi Tunjungan,KOA0104,Surabaya,MENU002,Red Velvet Cake,KTG0206,Makanan,1,30000,5,3.1,PAY0710,Cash,28500
TRX0900,TGL0559,3/15/2024,CNA0217,Zahra Lestari,25,BRCH002,Kedai Kopi Senayan,KOA0103,Jakarta,MENU001,Cappuccino,KTG0205,Kopi,5,25000,0,1.7,PAY0712,Transfer,125000
TRX0701,TGL0559,3/15/2024,CNA0117,Oscar Hidayat,53,BRCH004,Kedai Kopi Merdeka,KOA0105,Medan,MENU004,Matcha Latte,KTG0207,Non-Kopi,5,28000,0,4.8,PAY0710,Cash,140000
TRX0530,TGL0559,3/15/2024,CNA0219,Xena Iskandar,23,BRCH005,Kedai Kopi Losari,KOA0106,Makassar,MENU004,Matcha Latte,KTG0207,Non-Kopi,3,28000,15,3.9,PAY0711,Kartu Kredit,71400
TRX0205,TGL0560,3/16/2024,CNA0164,Bella Pratama,48,BRCH002,Kedai Kopi Senayan,KOA0103,Jakarta,MENU010,Espresso,KTG0205,Kopi,2,18000,5,2.5,PAY0710,Cash,34200
TRX0312,TGL0560,3/16/2024,CNA0131,Hadi Iskandar,45,BRCH004,Kedai Kopi Merdeka,KOA0105,Medan,MENU009,Kentang Goreng,KTG0206,Makanan,2,18000,15,2.3,PAY0709,QRIS,30600
TRX0593,TGL0561,3/18/2024,CNA0222,Joko Maharani,34,BRCH005,Kedai Kopi Losari,KOA0106,Makassar,MENU006,Sandwich Ayam,KTG0206,Makanan,1,32000,0,4.2,PAY0710,Cash,32000
TRX0621,TGL0561,3/18/2024,CNA0223,Kartika Nugraha,18,BRCH005,Kedai Kopi Losari,KOA0106,Makassar,MENU007,Chocolate Latte,KTG0207,Non-Kopi,4,27000,0,2.6,PAY0709,QRIS,108000
TRX0773,TGL0561,3/18/2024,CNA0224,Nanda Amelia,49,BRCH002,Kedai Kopi Senayan,KOA0103,Jakarta,MENU003,Kopi Susu Gula Aren,KTG0205,Kopi,3,22000,10,2.7,PAY0712,Transfer,59400
TRX0500,TGL0561,3/18/2024,CNA0225,Laila Ramadhan,25,BRCH004,Kedai Kopi Merdeka,KOA0105,Medan,MENU005,Croissant,KTG0206,Makanan,5,23000,0,3.6,PAY0711,Kartu Kredit,115000
TRX0989,TGL0561,3/18/2024,CNA0150,Qori Wijaya,24,BRCH002,Kedai Kopi Senayan,KOA0103,Jakarta,MENU009,Kentang Goreng,KTG0206,Makanan,2,18000,5,1.5,PAY0710,Cash,34200
TRX0412,TGL0562,3/20/2024,CNA0227,Hana Kurniawan,17,BRCH005,Kedai Kopi Losari,KOA0106,Makassar,MENU002,Red Velvet Cake,KTG0206,Makanan,1,30000,0,1.9,PAY0711,Kartu Kredit,30000
TRX0548,TGL0563,3/21/2024,CNA0228,Taufik Salsabila,40,BRCH004,Kedai Kopi Merdeka,KOA0105,Medan,MENU007,Chocolate Latte,KTG0207,Non-Kopi,3,27000,0,3.5,PAY0712,Transfer,81000
TRX0497,TGL0564,3/23/2024,CNA0118,Anisa Salsabila,22,BRCH004,Kedai Kopi Merdeka,KOA0105,Medan,MENU004,Matcha Latte,KTG0207,Non-Kopi,5,28000,20,1.4,PAY0711,Kartu Kredit,112000
TRX0924,TGL0565,3/24/2024,CNA0230,Wahyu Wardani,23,BRCH005,Kedai Kopi Losari,KOA0106,Makassar,MENU010,Espresso,KTG0205,Kopi,2,18000,10,1.3,PAY0709,QRIS,32400
TRX0499,TGL0566,3/25/2024,CNA0212,Novi Saputra,39,BRCH002,Kedai Kopi Senayan,KOA0103,Jakarta,MENU006,Sandwich Ayam,KTG0206,Makanan,4,32000,0,1.1,PAY0709,QRIS,128000
TRX0645,TGL0567,3/26/2024,CNA0232,Yudha Ramadhan,17,BRCH002,Kedai Kopi Senayan,KOA0103,Jakarta,MENU009,Kentang Goreng,KTG0206,Makanan,2,18000,10,1.5,PAY0709,QRIS,32400
TRX0209,TGL0567,3/26/2024,CNA0233,Jasmine Permata,18,BRCH002,Kedai Kopi Senayan,KOA0103,Jakarta,MENU008,Americano,KTG0205,Kopi,1,20000,15,2.6,PAY0711,Kartu Kredit,17000
TRX0968,TGL0568,3/27/2024,CNA0234,Salsa Santoso,37,BRCH004,Kedai Kopi Merdeka,KOA0105,Medan,MENU009,Kentang Goreng,KTG0206,Makanan,5,18000,0,4.4,PAY0711,Kartu Kredit,90000
TRX0988,TGL0569,3/28/2024,CNA0235,Utari Utami,44,BRCH004,Kedai Kopi Merdeka,KOA0105,Medan,MENU007,Chocolate Latte,KTG0207,Non-Kopi,1,27000,10,3.5,PAY0711,Kartu Kredit,24300
TRX0779,TGL0570,3/29/2024,CNA0236,Qonita Kusuma,20,BRCH001,Kedai Kopi Dago,KOA0102,Bandung,MENU002,Red Velvet Cake,KTG0206,Makanan,3,30000,0,1.9,PAY0709,QRIS,90000
TRX0444,TGL0571,3/30/2024,CNA0188,Oki Lestari,19,BRCH005,Kedai Kopi Losari,KOA0106,Makassar,MENU005,Croissant,KTG0206,Makanan,2,23000,0,1.4,PAY0711,Kartu Kredit,46000
TRX0266,TGL0571,3/30/2024,CNA0201,Galih Permata,23,BRCH002,Kedai Kopi Senayan,KOA0103,Jakarta,MENU005,Croissant,KTG0206,Makanan,2,23000,0,4.7,PAY0711,Kartu Kredit,46000
TRX0727,TGL0571,3/30/2024,CNA0239,Hadi Kurniawan,23,BRCH005,Kedai Kopi Losari,KOA0106,Makassar,MENU006,Sandwich Ayam,KTG0206,Makanan,4,32000,5,4.7,PAY0712,Transfer,121600
TRX0380,TGL0572,3/31/2024,CNA0240,Tono Wirawan,47,BRCH004,Kedai Kopi Merdeka,KOA0105,Medan,MENU009,Kentang Goreng,KTG0206,Makanan,1,18000,0,4,PAY0710,Cash,18000
TRX0144,TGL0573,4/1/2024,CNA0118,Anisa Salsabila,22,BRCH001,Kedai Kopi Dago,KOA0102,Bandung,MENU008,Americano,KTG0205,Kopi,2,20000,0,3.1,PAY0710,Cash,40000
TRX0574,TGL0574,4/2/2024,CNA0242,Ahmad Lestari,40,BRCH004,Kedai Kopi Merdeka,KOA0105,Medan,MENU002,Red Velvet Cake,KTG0206,Makanan,2,30000,15,3,PAY0711,Kartu Kredit,51000
TRX0215,TGL0575,4/3/2024,CNA0140,Tono Amelia,43,BRCH005,Kedai Kopi Losari,KOA0106,Makassar,MENU004,Matcha Latte,KTG0207,Non-Kopi,5,28000,5,2.8,PAY0709,QRIS,133000
TRX0511,TGL0576,4/4/2024,CNA0244,Hadi Ramadhan,39,BRCH001,Kedai Kopi Dago,KOA0102,Bandung,MENU003,Kopi Susu Gula Aren,KTG0205,Kopi,5,22000,15,4.4,PAY0712,Transfer,93500
TRX0565,TGL0576,4/4/2024,CNA0245,Cahyo Ramadhan,40,BRCH003,Kedai Kopi Tunjungan,KOA0104,Surabaya,MENU002,Red Velvet Cake,KTG0206,Makanan,2,30000,10,1.4,PAY0712,Transfer,54000
TRX0751,TGL0576,4/4/2024,CNA0119,Rizky Ramadhan,35,BRCH001,Kedai Kopi Dago,KOA0102,Bandung,MENU010,Espresso,KTG0205,Kopi,3,18000,10,3.1,PAY0712,Transfer,48600
TRX0840,TGL0576,4/4/2024,CNA0247,Sinta Susanto,19,BRCH002,Kedai Kopi Senayan,KOA0103,Jakarta,MENU008,Americano,KTG0205,Kopi,1,20000,0,3.8,PAY0712,Transfer,20000
TRX0987,TGL0577,4/5/2024,CNA0227,Hana Kurniawan,17,BRCH005,Kedai Kopi Losari,KOA0106,Makassar,MENU002,Red Velvet Cake,KTG0206,Makanan,5,30000,0,4.6,PAY0710,Cash,150000
TRX0192,TGL0577,4/5/2024,CNA0171,Candra Iskandar,43,BRCH003,Kedai Kopi Tunjungan,KOA0104,Surabaya,MENU004,Matcha Latte,KTG0207,Non-Kopi,1,28000,15,5,PAY0709,QRIS,23800
TRX0289,TGL0577,4/5/2024,CNA0105,Hana Salsabila,53,BRCH001,Kedai Kopi Dago,KOA0102,Bandung,MENU004,Matcha Latte,KTG0207,Non-Kopi,1,28000,0,2,PAY0709,QRIS,28000
TRX0816,TGL0578,4/6/2024,CNA0112,Zaki Anggraini,22,BRCH004,Kedai Kopi Merdeka,KOA0105,Medan,MENU008,Americano,KTG0205,Kopi,1,20000,0,4.7,PAY0711,Kartu Kredit,20000
TRX0536,TGL0579,4/7/2024,CNA0252,Novi Iskandar,43,BRCH005,Kedai Kopi Losari,KOA0106,Makassar,MENU005,Croissant,KTG0206,Makanan,2,23000,10,1.5,PAY0711,Kartu Kredit,41400
TRX0103,TGL0580,4/8/2024,CNA0186,Taufik Kusuma,53,BRCH004,Kedai Kopi Merdeka,KOA0105,Medan,MENU001,Cappuccino,KTG0205,Kopi,5,25000,10,2.3,PAY0712,Transfer,112500
TRX0024,TGL0580,4/8/2024,CNA0152,Ulfa Ramadhan,49,BRCH003,Kedai Kopi Tunjungan,KOA0104,Surabaya,MENU006,Sandwich Ayam,KTG0206,Makanan,5,32000,0,3.1,PAY0711,Kartu Kredit,160000
TRX0095,TGL0580,4/8/2024,CNA0255,Citra Prasetyo,30,BRCH004,Kedai Kopi Merdeka,KOA0105,Medan,MENU008,Americano,KTG0205,Kopi,1,20000,0,4.3,PAY0711,Kartu Kredit,20000
TRX0322,TGL0580,4/8/2024,CNA0256,Anisa Wijaya,29,BRCH001,Kedai Kopi Dago,KOA0102,Bandung,MENU002,Red Velvet Cake,KTG0206,Makanan,1,30000,0,4.1,PAY0710,Cash,30000
TRX0044,TGL0580,4/8/2024,CNA0148,Fitri Kusuma,53,BRCH002,Kedai Kopi Senayan,KOA0103,Jakarta,MENU002,Red Velvet Cake,KTG0206,Makanan,5,30000,15,1.6,PAY0710,Cash,127500
TRX0287,TGL0580,4/8/2024,CNA0240,Tono Wirawan,47,BRCH003,Kedai Kopi Tunjungan,KOA0104,Surabaya,MENU004,Matcha Latte,KTG0207,Non-Kopi,2,28000,10,1.4,PAY0709,QRIS,50400
TRX0483,TGL0580,4/8/2024,CNA0176,Fajar Puspita,25,BRCH002,Kedai Kopi Senayan,KOA0103,Jakarta,MENU006,Sandwich Ayam,KTG0206,Makanan,2,32000,15,4,PAY0712,Transfer,54400
TRX0229,TGL0581,4/9/2024,CNA0223,Kartika Nugraha,18,BRCH005,Kedai Kopi Losari,KOA0106,Makassar,MENU003,Kopi Susu Gula Aren,KTG0205,Kopi,2,22000,0,2,PAY0710,Cash,44000
TRX0532,TGL0582,4/12/2024,CNA0211,Puti Saputra,49,BRCH004,Kedai Kopi Merdeka,KOA0105,Medan,MENU003,Kopi Susu Gula Aren,KTG0205,Kopi,2,22000,15,1.1,PAY0709,QRIS,37400
TRX0168,TGL0582,4/12/2024,CNA0262,Kevin Saputra,30,BRCH002,Kedai Kopi Senayan,KOA0103,Jakarta,MENU005,Croissant,KTG0206,Makanan,4,23000,10,1,PAY0709,QRIS,82800
TRX0124,TGL0583,4/13/2024,CNA0263,Widya Utami,36,BRCH002,Kedai Kopi Senayan,KOA0103,Jakarta,MENU009,Kentang Goreng,KTG0206,Makanan,1,18000,15,3.9,PAY0712,Transfer,15300
TRX0038,TGL0583,4/13/2024,CNA0157,Teguh Wardani,29,BRCH004,Kedai Kopi Merdeka,KOA0105,Medan,MENU005,Croissant,KTG0206,Makanan,1,23000,0,3.7,PAY0711,Kartu Kredit,23000
TRX0796,TGL0583,4/13/2024,CNA0265,Yusuf Ramadhan,42,BRCH002,Kedai Kopi Senayan,KOA0103,Jakarta,MENU002,Red Velvet Cake,KTG0206,Makanan,1,30000,10,3.5,PAY0712,Transfer,27000
TRX0482,TGL0584,4/14/2024,CNA0175,Lutfi Setiawan,48,BRCH001,Kedai Kopi Dago,KOA0102,Bandung,MENU007,Chocolate Latte,KTG0207,Non-Kopi,5,27000,0,2.1,PAY0710,Cash,135000
TRX0546,TGL0585,4/15/2024,CNA0166,Umar Handoko,48,BRCH002,Kedai Kopi Senayan,KOA0103,Jakarta,MENU008,Americano,KTG0205,Kopi,5,20000,0,2.2,PAY0711,Kartu Kredit,100000
TRX0176,TGL0585,4/15/2024,CNA0268,Gunawan Utami,31,BRCH001,Kedai Kopi Dago,KOA0102,Bandung,MENU007,Chocolate Latte,KTG0207,Non-Kopi,3,27000,15,3.1,PAY0712,Transfer,68850
TRX0868,TGL0585,4/15/2024,CNA0269,Rizky Utami,34,BRCH005,Kedai Kopi Losari,KOA0106,Makassar,MENU009,Kentang Goreng,KTG0206,Makanan,3,18000,0,3.9,PAY0712,Transfer,54000
TRX0603,TGL0586,4/16/2024,CNA0148,Fitri Kusuma,53,BRCH004,Kedai Kopi Merdeka,KOA0105,Medan,MENU006,Sandwich Ayam,KTG0206,Makanan,1,32000,15,3.7,PAY0711,Kartu Kredit,27200
TRX0657,TGL0587,4/18/2024,CNA0271,Reza Wirawan,48,BRCH004,Kedai Kopi Merdeka,KOA0105,Medan,MENU005,Croissant,KTG0206,Makanan,1,23000,5,3.5,PAY0709,QRIS,21850
TRX0332,TGL0587,4/18/2024,CNA0272,Cahyo Salsabila,40,BRCH003,Kedai Kopi Tunjungan,KOA0104,Surabaya,MENU005,Croissant,KTG0206,Makanan,1,23000,0,1.4,PAY0711,Kartu Kredit,23000
TRX0659,TGL0588,4/20/2024,CNA0115,Gunawan Salsabila,46,BRCH003,Kedai Kopi Tunjungan,KOA0104,Surabaya,MENU010,Espresso,KTG0205,Kopi,4,18000,15,3.3,PAY0710,Cash,61200
TRX0661,TGL0588,4/20/2024,CNA0274,Hadi Hidayat,27,BRCH001,Kedai Kopi Dago,KOA0102,Bandung,MENU001,Cappuccino,KTG0205,Kopi,2,25000,15,4,PAY0712,Transfer,42500
TRX0562,TGL0588,4/20/2024,CNA0168,Salsa Pratama,37,BRCH003,Kedai Kopi Tunjungan,KOA0104,Surabaya,MENU003,Kopi Susu Gula Aren,KTG0205,Kopi,5,22000,0,2.7,PAY0712,Transfer,110000
TRX0041,TGL0589,4/21/2024,CNA0263,Widya Utami,36,BRCH004,Kedai Kopi Merdeka,KOA0105,Medan,MENU001,Cappuccino,KTG0205,Kopi,2,25000,0,4,PAY0711,Kartu Kredit,50000
TRX0957,TGL0590,4/22/2024,CNA0277,Gita Suryadi,52,BRCH003,Kedai Kopi Tunjungan,KOA0104,Surabaya,MENU007,Chocolate Latte,KTG0207,Non-Kopi,5,27000,10,4.9,PAY0710,Cash,121500
TRX0723,TGL0590,4/22/2024,CNA0278,Utari Rahman,32,BRCH004,Kedai Kopi Merdeka,KOA0105,Medan,MENU001,Cappuccino,KTG0205,Kopi,5,25000,15,2.4,PAY0712,Transfer,106250
TRX0958,TGL0591,4/23/2024,CNA0158,Maya Kurniawan,48,BRCH001,Kedai Kopi Dago,KOA0102,Bandung,MENU007,Chocolate Latte,KTG0207,Non-Kopi,3,27000,15,1,PAY0711,Kartu Kredit,68850
TRX0270,TGL0592,4/24/2024,CNA0280,Ulfa Prasetyo,25,BRCH003,Kedai Kopi Tunjungan,KOA0104,Surabaya,MENU005,Croissant,KTG0206,Makanan,2,23000,0,4,PAY0712,Transfer,46000
TRX0105,TGL0593,4/25/2024,CNA0118,Anisa Salsabila,22,BRCH001,Kedai Kopi Dago,KOA0102,Bandung,MENU007,Chocolate Latte,KTG0207,Non-Kopi,1,27000,0,2.3,PAY0709,QRIS,27000
TRX0185,TGL0594,4/26/2024,CNA0157,Teguh Wardani,29,BRCH003,Kedai Kopi Tunjungan,KOA0104,Surabaya,MENU006,Sandwich Ayam,KTG0206,Makanan,5,32000,0,2.2,PAY0712,Transfer,160000
TRX0894,TGL0594,4/26/2024,CNA0127,Citra Permata,48,BRCH001,Kedai Kopi Dago,KOA0102,Bandung,MENU003,Kopi Susu Gula Aren,KTG0205,Kopi,2,22000,20,4,PAY0711,Kartu Kredit,35200
TRX0404,TGL0594,4/26/2024,CNA0284,Hana Lestari,21,BRCH001,Kedai Kopi Dago,KOA0102,Bandung,MENU008,Americano,KTG0205,Kopi,1,20000,15,1.1,PAY0712,Transfer,17000
TRX0704,TGL0595,4/27/2024,CNA0158,Maya Kurniawan,48,BRCH002,Kedai Kopi Senayan,KOA0103,Jakarta,MENU009,Kentang Goreng,KTG0206,Makanan,1,18000,0,2.7,PAY0711,Kartu Kredit,18000
TRX0719,TGL0595,4/27/2024,CNA0263,Widya Utami,36,BRCH001,Kedai Kopi Dago,KOA0102,Bandung,MENU005,Croissant,KTG0206,Makanan,1,23000,10,4,PAY0710,Cash,20700
TRX0518,TGL0595,4/27/2024,CNA0287,Cahyo Saputra,31,BRCH002,Kedai Kopi Senayan,KOA0103,Jakarta,MENU006,Sandwich Ayam,KTG0206,Makanan,1,32000,10,3.3,PAY0712,Transfer,28800
TRX0194,TGL0595,4/27/2024,CNA0148,Fitri Kusuma,53,BRCH003,Kedai Kopi Tunjungan,KOA0104,Surabaya,MENU001,Cappuccino,KTG0205,Kopi,4,25000,0,1,PAY0710,Cash,100000
TRX0825,TGL0595,4/27/2024,CNA0289,Galih Firmansyah,42,BRCH003,Kedai Kopi Tunjungan,KOA0104,Surabaya,MENU008,Americano,KTG0205,Kopi,1,20000,0,4.1,PAY0709,QRIS,20000
TRX0469,TGL0596,4/28/2024,CNA0290,Novi Hidayat,30,BRCH004,Kedai Kopi Merdeka,KOA0105,Medan,MENU007,Chocolate Latte,KTG0207,Non-Kopi,5,27000,0,4.3,PAY0712,Transfer,135000
TRX0991,TGL0597,4/29/2024,CNA0291,Vina Suryadi,39,BRCH001,Kedai Kopi Dago,KOA0102,Bandung,MENU006,Sandwich Ayam,KTG0206,Makanan,1,32000,0,4.4,PAY0711,Kartu Kredit,32000
TRX0180,TGL0597,4/29/2024,CNA0292,Vino Iskandar,18,BRCH003,Kedai Kopi Tunjungan,KOA0104,Surabaya,MENU010,Espresso,KTG0205,Kopi,2,18000,5,2.3,PAY0710,Cash,34200
TRX0031,TGL0597,4/29/2024,CNA0252,Novi Iskandar,43,BRCH004,Kedai Kopi Merdeka,KOA0105,Medan,MENU002,Red Velvet Cake,KTG0206,Makanan,3,30000,20,1.8,PAY0712,Transfer,72000
TRX0598,TGL0598,4/30/2024,CNA0111,Gita Santoso,40,BRCH003,Kedai Kopi Tunjungan,KOA0104,Surabaya,MENU002,Red Velvet Cake,KTG0206,Makanan,1,30000,0,1.9,PAY0709,QRIS,30000
TRX0441,TGL0599,5/1/2024,CNA0295,Vina Maharani,42,BRCH002,Kedai Kopi Senayan,KOA0103,Jakarta,MENU007,Chocolate Latte,KTG0207,Non-Kopi,4,27000,20,2.1,PAY0709,QRIS,86400
TRX0152,TGL0600,5/4/2024,CNA0188,Oki Lestari,19,BRCH001,Kedai Kopi Dago,KOA0102,Bandung,MENU007,Chocolate Latte,KTG0207,Non-Kopi,1,27000,0,2.7,PAY0709,QRIS,27000
TRX0560,TGL0601,5/5/2024,CNA0297,Ilham Susanto,28,BRCH002,Kedai Kopi Senayan,KOA0103,Jakarta,MENU007,Chocolate Latte,KTG0207,Non-Kopi,1,27000,5,2.2,PAY0712,Transfer,25650
TRX0647,TGL0601,5/5/2024,CNA0188,Oki Lestari,19,BRCH004,Kedai Kopi Merdeka,KOA0105,Medan,MENU009,Kentang Goreng,KTG0206,Makanan,2,18000,0,2.4,PAY0709,QRIS,36000
TRX0384,TGL0601,5/5/2024,CNA0299,Ulfa Lestari,38,BRCH003,Kedai Kopi Tunjungan,KOA0104,Surabaya,MENU002,Red Velvet Cake,KTG0206,Makanan,3,30000,0,1.9,PAY0711,Kartu Kredit,90000
TRX0186,TGL0602,5/6/2024,CNA0124,Ulfa Anggraini,33,BRCH001,Kedai Kopi Dago,KOA0102,Bandung,MENU002,Red Velvet Cake,KTG0206,Makanan,3,30000,0,3.5,PAY0709,QRIS,90000
TRX0867,TGL0602,5/6/2024,CNA0301,Qonaah Lestari,29,BRCH003,Kedai Kopi Tunjungan,KOA0104,Surabaya,MENU007,Chocolate Latte,KTG0207,Non-Kopi,3,27000,10,4.3,PAY0712,Transfer,72900
TRX0111,TGL0603,5/7/2024,CNA0302,Lutfi Wardani,48,BRCH002,Kedai Kopi Senayan,KOA0103,Jakarta,MENU005,Croissant,KTG0206,Makanan,3,23000,15,4,PAY0712,Transfer,58650
TRX0838,TGL0604,5/9/2024,CNA0303,Sari Santoso,44,BRCH002,Kedai Kopi Senayan,KOA0103,Jakarta,MENU004,Matcha Latte,KTG0207,Non-Kopi,2,28000,0,2.7,PAY0711,Kartu Kredit,56000
TRX0027,TGL0605,5/10/2024,CNA0203,Zainal Hidayat,22,BRCH004,Kedai Kopi Merdeka,KOA0105,Medan,MENU002,Red Velvet Cake,KTG0206,Makanan,1,30000,0,1.4,PAY0712,Transfer,30000
TRX0373,TGL0606,5/11/2024,CNA0222,Joko Maharani,34,BRCH005,Kedai Kopi Losari,KOA0106,Makassar,MENU001,Cappuccino,KTG0205,Kopi,5,25000,15,3.3,PAY0711,Kartu Kredit,106250
TRX0776,TGL0606,5/11/2024,CNA0109,Agus Lestari,45,BRCH004,Kedai Kopi Merdeka,KOA0105,Medan,MENU009,Kentang Goreng,KTG0206,Makanan,2,18000,5,1,PAY0709,QRIS,34200
TRX0549,TGL0607,5/12/2024,CNA0152,Ulfa Ramadhan,49,BRCH001,Kedai Kopi Dago,KOA0102,Bandung,MENU005,Croissant,KTG0206,Makanan,5,23000,5,2.8,PAY0709,QRIS,109250
TRX0339,TGL0607,5/12/2024,CNA0144,Widya Puspita,42,BRCH005,Kedai Kopi Losari,KOA0106,Makassar,MENU006,Sandwich Ayam,KTG0206,Makanan,2,32000,5,4.6,PAY0710,Cash,60800
TRX0866,TGL0607,5/12/2024,CNA0146,Fitri Anggraini,37,BRCH004,Kedai Kopi Merdeka,KOA0105,Medan,MENU005,Croissant,KTG0206,Makanan,4,23000,0,4.6,PAY0709,QRIS,92000
TRX0405,TGL0608,5/13/2024,CNA0310,Rizky Wardani,22,BRCH001,Kedai Kopi Dago,KOA0102,Bandung,MENU008,Americano,KTG0205,Kopi,4,20000,0,2.3,PAY0710,Cash,80000
TRX0849,TGL0608,5/13/2024,CNA0115,Gunawan Salsabila,46,BRCH005,Kedai Kopi Losari,KOA0106,Makassar,MENU007,Chocolate Latte,KTG0207,Non-Kopi,4,27000,0,2,PAY0710,Cash,108000
TRX0057,TGL0609,5/14/2024,CNA0312,Zaki Yulianto,49,BRCH002,Kedai Kopi Senayan,KOA0103,Jakarta,MENU004,Matcha Latte,KTG0207,Non-Kopi,1,28000,10,3.1,PAY0710,Cash,25200
TRX0691,TGL0610,5/16/2024,CNA0280,Ulfa Prasetyo,25,BRCH001,Kedai Kopi Dago,KOA0102,Bandung,MENU010,Espresso,KTG0205,Kopi,5,18000,0,2.4,PAY0709,QRIS,90000
TRX0758,TGL0610,5/16/2024,CNA0277,Gita Suryadi,52,BRCH004,Kedai Kopi Merdeka,KOA0105,Medan,MENU007,Chocolate Latte,KTG0207,Non-Kopi,3,27000,5,3.2,PAY0711,Kartu Kredit,76950
TRX0890,TGL0610,5/16/2024,CNA0315,Yusuf Firmansyah,51,BRCH003,Kedai Kopi Tunjungan,KOA0104,Surabaya,MENU006,Sandwich Ayam,KTG0206,Makanan,2,32000,0,2.7,PAY0711,Kartu Kredit,64000
TRX0550,TGL0611,5/17/2024,CNA0124,Ulfa Anggraini,33,BRCH003,Kedai Kopi Tunjungan,KOA0104,Surabaya,MENU009,Kentang Goreng,KTG0206,Makanan,2,18000,10,1.2,PAY0712,Transfer,32400
TRX0731,TGL0612,5/18/2024,CNA0317,Kurnia Yulianto,31,BRCH003,Kedai Kopi Tunjungan,KOA0104,Surabaya,MENU009,Kentang Goreng,KTG0206,Makanan,4,18000,0,4.6,PAY0711,Kartu Kredit,72000
TRX0724,TGL0613,5/19/2024,CNA0318,Fitri Susanto,27,BRCH005,Kedai Kopi Losari,KOA0106,Makassar,MENU003,Kopi Susu Gula Aren,KTG0205,Kopi,3,22000,0,4.3,PAY0710,Cash,66000
TRX0857,TGL0614,5/20/2024,CNA0319,Ulfa Rahman,31,BRCH002,Kedai Kopi Senayan,KOA0103,Jakarta,MENU003,Kopi Susu Gula Aren,KTG0205,Kopi,1,22000,0,3,PAY0711,Kartu Kredit,22000
TRX0936,TGL0614,5/20/2024,CNA0158,Maya Kurniawan,48,BRCH001,Kedai Kopi Dago,KOA0102,Bandung,MENU003,Kopi Susu Gula Aren,KTG0205,Kopi,4,22000,0,2.8,PAY0712,Transfer,88000
TRX0143,TGL0615,5/22/2024,CNA0139,Budi Susanto,51,BRCH003,Kedai Kopi Tunjungan,KOA0104,Surabaya,MENU004,Matcha Latte,KTG0207,Non-Kopi,4,28000,20,2.1,PAY0709,QRIS,89600
TRX0426,TGL0615,5/22/2024,CNA0262,Kevin Saputra,30,BRCH003,Kedai Kopi Tunjungan,KOA0104,Surabaya,MENU009,Kentang Goreng,KTG0206,Makanan,2,18000,15,2.6,PAY0710,Cash,30600
TRX0790,TGL0615,5/22/2024,CNA0323,Ahmad Saputra,18,BRCH002,Kedai Kopi Senayan,KOA0103,Jakarta,MENU009,Kentang Goreng,KTG0206,Makanan,3,18000,0,3.3,PAY0712,Transfer,54000
TRX0011,TGL0616,5/23/2024,CNA0317,Kurnia Yulianto,31,BRCH004,Kedai Kopi Merdeka,KOA0105,Medan,MENU007,Chocolate Latte,KTG0207,Non-Kopi,1,27000,0,2.4,PAY0710,Cash,27000
TRX0948,TGL0616,5/23/2024,CNA0325,Candra Salsabila,45,BRCH002,Kedai Kopi Senayan,KOA0103,Jakarta,MENU001,Cappuccino,KTG0205,Kopi,4,25000,20,2.4,PAY0710,Cash,80000
TRX0329,TGL0616,5/23/2024,CNA0242,Ahmad Lestari,40,BRCH005,Kedai Kopi Losari,KOA0106,Makassar,MENU006,Sandwich Ayam,KTG0206,Makanan,4,32000,5,2.8,PAY0710,Cash,121600
TRX0320,TGL0616,5/23/2024,CNA0299,Ulfa Lestari,38,BRCH001,Kedai Kopi Dago,KOA0102,Bandung,MENU002,Red Velvet Cake,KTG0206,Makanan,4,30000,15,4.8,PAY0709,QRIS,102000
TRX0649,TGL0617,5/24/2024,CNA0188,Oki Lestari,19,BRCH005,Kedai Kopi Losari,KOA0106,Makassar,MENU010,Espresso,KTG0205,Kopi,2,18000,0,3.7,PAY0709,QRIS,36000
TRX0453,TGL0617,5/24/2024,CNA0292,Vino Iskandar,18,BRCH005,Kedai Kopi Losari,KOA0106,Makassar,MENU003,Kopi Susu Gula Aren,KTG0205,Kopi,2,22000,10,3.1,PAY0709,QRIS,39600
TRX0792,TGL0617,5/24/2024,CNA0128,Qonaah Utami,36,BRCH005,Kedai Kopi Losari,KOA0106,Makassar,MENU006,Sandwich Ayam,KTG0206,Makanan,5,32000,20,2.8,PAY0710,Cash,128000
TRX0498,TGL0617,5/24/2024,CNA0114,Farah Maharani,51,BRCH001,Kedai Kopi Dago,KOA0102,Bandung,MENU007,Chocolate Latte,KTG0207,Non-Kopi,3,27000,10,4,PAY0710,Cash,72900
TRX0472,TGL0618,5/25/2024,CNA0169,Hana Permata,53,BRCH005,Kedai Kopi Losari,KOA0106,Makassar,MENU002,Red Velvet Cake,KTG0206,Makanan,5,30000,20,4.8,PAY0709,QRIS,120000
TRX0658,TGL0618,5/25/2024,CNA0333,Utari Lestari,27,BRCH001,Kedai Kopi Dago,KOA0102,Bandung,MENU010,Espresso,KTG0205,Kopi,5,18000,0,3.1,PAY0709,QRIS,90000
TRX0927,TGL0619,5/27/2024,CNA0228,Taufik Salsabila,40,BRCH005,Kedai Kopi Losari,KOA0106,Makassar,MENU006,Sandwich Ayam,KTG0206,Makanan,2,32000,0,4.3,PAY0709,QRIS,64000
TRX0411,TGL0620,5/28/2024,CNA0317,Kurnia Yulianto,31,BRCH001,Kedai Kopi Dago,KOA0102,Bandung,MENU003,Kopi Susu Gula Aren,KTG0205,Kopi,1,22000,5,4,PAY0712,Transfer,20900
TRX0153,TGL0621,5/29/2024,CNA0106,Indah Rahman,30,BRCH005,Kedai Kopi Losari,KOA0106,Makassar,MENU008,Americano,KTG0205,Kopi,1,20000,0,1.5,PAY0712,Transfer,20000
TRX0006,TGL0622,5/30/2024,CNA0225,Laila Ramadhan,25,BRCH005,Kedai Kopi Losari,KOA0106,Makassar,MENU008,Americano,KTG0205,Kopi,1,20000,15,3.7,PAY0710,Cash,17000
TRX0328,TGL0622,5/30/2024,CNA0177,Oscar Suryadi,38,BRCH001,Kedai Kopi Dago,KOA0102,Bandung,MENU007,Chocolate Latte,KTG0207,Non-Kopi,2,27000,0,4.7,PAY0712,Transfer,54000
TRX0029,TGL0623,5/31/2024,CNA0208,Ratna Wardani,21,BRCH001,Kedai Kopi Dago,KOA0102,Bandung,MENU006,Sandwich Ayam,KTG0206,Makanan,2,32000,0,3.5,PAY0709,QRIS,64000
TRX0045,TGL0624,6/1/2024,CNA0167,Laila Wardani,38,BRCH001,Kedai Kopi Dago,KOA0102,Bandung,MENU010,Espresso,KTG0205,Kopi,5,18000,10,2.1,PAY0709,QRIS,81000
TRX0514,TGL0625,6/2/2024,CNA0252,Novi Iskandar,43,BRCH002,Kedai Kopi Senayan,KOA0103,Jakarta,MENU002,Red Velvet Cake,KTG0206,Makanan,4,30000,0,4.6,PAY0710,Cash,120000
TRX0206,TGL0625,6/2/2024,CNA0342,Ratna Santoso,35,BRCH003,Kedai Kopi Tunjungan,KOA0104,Surabaya,MENU008,Americano,KTG0205,Kopi,5,20000,10,2.2,PAY0709,QRIS,90000
TRX0121,TGL0626,6/3/2024,CNA0111,Gita Santoso,40,BRCH003,Kedai Kopi Tunjungan,KOA0104,Surabaya,MENU002,Red Velvet Cake,KTG0206,Makanan,5,30000,5,2.6,PAY0711,Kartu Kredit,142500
TRX0921,TGL0627,6/4/2024,CNA0344,Indah Suryadi,43,BRCH001,Kedai Kopi Dago,KOA0102,Bandung,MENU010,Espresso,KTG0205,Kopi,2,18000,0,3.4,PAY0711,Kartu Kredit,36000
TRX0813,TGL0628,6/5/2024,CNA0310,Rizky Wardani,22,BRCH001,Kedai Kopi Dago,KOA0102,Bandung,MENU004,Matcha Latte,KTG0207,Non-Kopi,1,28000,0,1.7,PAY0710,Cash,28000
TRX0831,TGL0628,6/5/2024,CNA0116,Nur Yulianto,45,BRCH002,Kedai Kopi Senayan,KOA0103,Jakarta,MENU008,Americano,KTG0205,Kopi,2,20000,0,3.1,PAY0709,QRIS,40000
TRX0834,TGL0628,6/5/2024,CNA0215,Puti Iskandar,52,BRCH002,Kedai Kopi Senayan,KOA0103,Jakarta,MENU007,Chocolate Latte,KTG0207,Non-Kopi,1,27000,0,4.1,PAY0709,QRIS,27000
TRX0090,TGL0629,6/6/2024,CNA0348,Jasmine Puspita,42,BRCH004,Kedai Kopi Merdeka,KOA0105,Medan,MENU006,Sandwich Ayam,KTG0206,Makanan,4,32000,20,1.3,PAY0712,Transfer,102400
TRX0826,TGL0630,6/7/2024,CNA0114,Farah Maharani,51,BRCH004,Kedai Kopi Merdeka,KOA0105,Medan,MENU010,Espresso,KTG0205,Kopi,3,18000,15,3.5,PAY0709,QRIS,45900
TRX0241,TGL0631,6/8/2024,CNA0350,Cahyo Firmansyah,52,BRCH004,Kedai Kopi Merdeka,KOA0105,Medan,MENU009,Kentang Goreng,KTG0206,Makanan,5,18000,15,3.2,PAY0709,QRIS,76500
TRX0021,TGL0631,6/8/2024,CNA0224,Nanda Amelia,49,BRCH001,Kedai Kopi Dago,KOA0102,Bandung,MENU002,Red Velvet Cake,KTG0206,Makanan,3,30000,15,2.7,PAY0711,Kartu Kredit,76500
TRX0051,TGL0632,6/9/2024,CNA0177,Oscar Suryadi,38,BRCH003,Kedai Kopi Tunjungan,KOA0104,Surabaya,MENU001,Cappuccino,KTG0205,Kopi,5,25000,0,4,PAY0709,QRIS,125000
TRX0915,TGL0632,6/9/2024,CNA0214,Ilham Firmansyah,18,BRCH002,Kedai Kopi Senayan,KOA0103,Jakarta,MENU010,Espresso,KTG0205,Kopi,3,18000,20,2.8,PAY0711,Kartu Kredit,43200
TRX0108,TGL0632,6/9/2024,CNA0177,Oscar Suryadi,38,BRCH004,Kedai Kopi Merdeka,KOA0105,Medan,MENU007,Chocolate Latte,KTG0207,Non-Kopi,1,27000,0,2.8,PAY0712,Transfer,27000
TRX0966,TGL0633,6/10/2024,CNA0297,Ilham Susanto,28,BRCH003,Kedai Kopi Tunjungan,KOA0104,Surabaya,MENU002,Red Velvet Cake,KTG0206,Makanan,2,30000,0,5,PAY0709,QRIS,60000
TRX0340,TGL0634,6/11/2024,CNA0228,Taufik Salsabila,40,BRCH005,Kedai Kopi Losari,KOA0106,Makassar,MENU006,Sandwich Ayam,KTG0206,Makanan,5,32000,0,4.1,PAY0710,Cash,160000
TRX0048,TGL0634,6/11/2024,CNA0357,Dewi Kusuma,25,BRCH001,Kedai Kopi Dago,KOA0102,Bandung,MENU004,Matcha Latte,KTG0207,Non-Kopi,1,28000,0,4.3,PAY0711,Kartu Kredit,28000
TRX0360,TGL0635,6/13/2024,CNA0265,Yusuf Ramadhan,42,BRCH003,Kedai Kopi Tunjungan,KOA0104,Surabaya,MENU002,Red Velvet Cake,KTG0206,Makanan,3,30000,5,1.3,PAY0710,Cash,85500
TRX0995,TGL0635,6/13/2024,CNA0230,Wahyu Wardani,23,BRCH003,Kedai Kopi Tunjungan,KOA0104,Surabaya,MENU010,Espresso,KTG0205,Kopi,2,18000,0,1.3,PAY0711,Kartu Kredit,36000
TRX0770,TGL0635,6/13/2024,CNA0107,Reza Saputra,19,BRCH005,Kedai Kopi Losari,KOA0106,Makassar,MENU005,Croissant,KTG0206,Makanan,3,23000,20,2.7,PAY0712,Transfer,55200
TRX0542,TGL0636,6/14/2024,CNA0204,Wahyu Saputra,40,BRCH004,Kedai Kopi Merdeka,KOA0105,Medan,MENU007,Chocolate Latte,KTG0207,Non-Kopi,3,27000,0,2.8,PAY0710,Cash,81000
TRX0379,TGL0637,6/15/2024,CNA0172,Xena Halim,51,BRCH005,Kedai Kopi Losari,KOA0106,Makassar,MENU009,Kentang Goreng,KTG0206,Makanan,2,18000,0,3.8,PAY0711,Kartu Kredit,36000
TRX0353,TGL0638,6/16/2024,CNA0127,Citra Permata,48,BRCH001,Kedai Kopi Dago,KOA0102,Bandung,MENU002,Red Velvet Cake,KTG0206,Makanan,5,30000,0,3.8,PAY0712,Transfer,150000
TRX0741,TGL0638,6/16/2024,CNA0292,Vino Iskandar,18,BRCH001,Kedai Kopi Dago,KOA0102,Bandung,MENU008,Americano,KTG0205,Kopi,5,20000,15,1.9,PAY0709,QRIS,85000
TRX0254,TGL0638,6/16/2024,CNA0295,Vina Maharani,42,BRCH003,Kedai Kopi Tunjungan,KOA0104,Surabaya,MENU005,Croissant,KTG0206,Makanan,4,23000,0,2.8,PAY0710,Cash,92000
TRX0354,TGL0639,6/18/2024,CNA0280,Ulfa Prasetyo,25,BRCH001,Kedai Kopi Dago,KOA0102,Bandung,MENU008,Americano,KTG0205,Kopi,2,20000,5,3.4,PAY0710,Cash,38000
TRX0739,TGL0640,6/20/2024,CNA0256,Anisa Wijaya,29,BRCH001,Kedai Kopi Dago,KOA0102,Bandung,MENU001,Cappuccino,KTG0205,Kopi,3,25000,20,1.8,PAY0711,Kartu Kredit,60000
TRX0088,TGL0640,6/20/2024,CNA0168,Salsa Pratama,37,BRCH005,Kedai Kopi Losari,KOA0106,Makassar,MENU003,Kopi Susu Gula Aren,KTG0205,Kopi,4,22000,0,4.2,PAY0711,Kartu Kredit,88000
TRX0410,TGL0641,6/21/2024,CNA0200,Ahmad Rahman,51,BRCH002,Kedai Kopi Senayan,KOA0103,Jakarta,MENU004,Matcha Latte,KTG0207,Non-Kopi,3,28000,0,1.8,PAY0711,Kartu Kredit,84000
TRX0714,TGL0641,6/21/2024,CNA0357,Dewi Kusuma,25,BRCH002,Kedai Kopi Senayan,KOA0103,Jakarta,MENU010,Espresso,KTG0205,Kopi,3,18000,0,1.1,PAY0710,Cash,54000
TRX0386,TGL0641,6/21/2024,CNA0126,Sinta Iskandar,30,BRCH002,Kedai Kopi Senayan,KOA0103,Jakarta,MENU008,Americano,KTG0205,Kopi,2,20000,20,1.4,PAY0709,QRIS,32000
TRX0351,TGL0642,6/22/2024,CNA0150,Qori Wijaya,24,BRCH004,Kedai Kopi Merdeka,KOA0105,Medan,MENU004,Matcha Latte,KTG0207,Non-Kopi,3,28000,0,4.8,PAY0709,QRIS,84000
TRX0954,TGL0643,6/23/2024,CNA0268,Gunawan Utami,31,BRCH001,Kedai Kopi Dago,KOA0102,Bandung,MENU006,Sandwich Ayam,KTG0206,Makanan,5,32000,0,4.9,PAY0710,Cash,160000
TRX0127,TGL0644,6/24/2024,CNA0374,Taufik Handoko,24,BRCH004,Kedai Kopi Merdeka,KOA0105,Medan,MENU009,Kentang Goreng,KTG0206,Makanan,3,18000,10,2,PAY0712,Transfer,48600
TRX0916,TGL0645,6/25/2024,CNA0155,Panji Wardani,18,BRCH001,Kedai Kopi Dago,KOA0102,Bandung,MENU004,Matcha Latte,KTG0207,Non-Kopi,5,28000,0,1.5,PAY0709,QRIS,140000
TRX0307,TGL0645,6/25/2024,CNA0228,Taufik Salsabila,40,BRCH001,Kedai Kopi Dago,KOA0102,Bandung,MENU007,Chocolate Latte,KTG0207,Non-Kopi,5,27000,5,1.3,PAY0711,Kartu Kredit,128250
TRX0475,TGL0645,6/25/2024,CNA0140,Tono Amelia,43,BRCH001,Kedai Kopi Dago,KOA0102,Bandung,MENU009,Kentang Goreng,KTG0206,Makanan,5,18000,20,1.3,PAY0711,Kartu Kredit,72000
TRX0971,TGL0646,6/26/2024,CNA0256,Anisa Wijaya,29,BRCH004,Kedai Kopi Merdeka,KOA0105,Medan,MENU006,Sandwich Ayam,KTG0206,Makanan,5,32000,0,1.8,PAY0712,Transfer,160000
TRX0448,TGL0646,6/26/2024,CNA0236,Qonita Kusuma,20,BRCH002,Kedai Kopi Senayan,KOA0103,Jakarta,MENU002,Red Velvet Cake,KTG0206,Makanan,3,30000,20,1.2,PAY0712,Transfer,72000
TRX0802,TGL0647,6/27/2024,CNA0169,Hana Permata,53,BRCH005,Kedai Kopi Losari,KOA0106,Makassar,MENU003,Kopi Susu Gula Aren,KTG0205,Kopi,1,22000,10,2.4,PAY0711,Kartu Kredit,19800
TRX0908,TGL0647,6/27/2024,CNA0381,Jihan Amelia,40,BRCH002,Kedai Kopi Senayan,KOA0103,Jakarta,MENU001,Cappuccino,KTG0205,Kopi,4,25000,0,3.2,PAY0710,Cash,100000
TRX0912,TGL0648,6/28/2024,CNA0225,Laila Ramadhan,25,BRCH004,Kedai Kopi Merdeka,KOA0105,Medan,MENU008,Americano,KTG0205,Kopi,4,20000,0,4.6,PAY0710,Cash,80000
TRX0230,TGL0648,6/28/2024,CNA0117,Oscar Hidayat,53,BRCH002,Kedai Kopi Senayan,KOA0103,Jakarta,MENU004,Matcha Latte,KTG0207,Non-Kopi,5,28000,0,1.8,PAY0710,Cash,140000
TRX0101,TGL0649,6/29/2024,CNA0263,Widya Utami,36,BRCH002,Kedai Kopi Senayan,KOA0103,Jakarta,MENU007,Chocolate Latte,KTG0207,Non-Kopi,4,27000,15,3.5,PAY0709,QRIS,91800
TRX0378,TGL0650,6/30/2024,CNA0385,Putri Santoso,50,BRCH002,Kedai Kopi Senayan,KOA0103,Jakarta,MENU009,Kentang Goreng,KTG0206,Makanan,2,18000,15,3.1,PAY0711,Kartu Kredit,30600
TRX0909,TGL0650,6/30/2024,CNA0219,Xena Iskandar,23,BRCH002,Kedai Kopi Senayan,KOA0103,Jakarta,MENU004,Matcha Latte,KTG0207,Non-Kopi,3,28000,10,1.2,PAY0710,Cash,75600
TRX0996,TGL0650,6/30/2024,CNA0233,Jasmine Permata,18,BRCH003,Kedai Kopi Tunjungan,KOA0104,Surabaya,MENU006,Sandwich Ayam,KTG0206,Makanan,3,32000,0,3.7,PAY0709,QRIS,96000
TRX0883,TGL0650,6/30/2024,CNA0299,Ulfa Lestari,38,BRCH003,Kedai Kopi Tunjungan,KOA0104,Surabaya,MENU007,Chocolate Latte,KTG0207,Non-Kopi,4,27000,5,3.9,PAY0711,Kartu Kredit,102600
TRX0564,TGL0651,7/1/2024,CNA0181,Umar Santoso,43,BRCH003,Kedai Kopi Tunjungan,KOA0104,Surabaya,MENU003,Kopi Susu Gula Aren,KTG0205,Kopi,2,22000,0,1.9,PAY0710,Cash,44000
TRX0551,TGL0652,7/2/2024,CNA0390,Yudha Rahman,32,BRCH004,Kedai Kopi Merdeka,KOA0105,Medan,MENU002,Red Velvet Cake,KTG0206,Makanan,3,30000,20,3,PAY0712,Transfer,72000
TRX0335,TGL0653,7/4/2024,CNA0391,Dewi Maharani,44,BRCH005,Kedai Kopi Losari,KOA0106,Makassar,MENU004,Matcha Latte,KTG0207,Non-Kopi,1,28000,0,4.2,PAY0711,Kartu Kredit,28000
TRX0200,TGL0654,7/7/2024,CNA0390,Yudha Rahman,32,BRCH001,Kedai Kopi Dago,KOA0102,Bandung,MENU002,Red Velvet Cake,KTG0206,Makanan,4,30000,0,4.9,PAY0711,Kartu Kredit,120000
TRX0151,TGL0655,7/8/2024,CNA0277,Gita Suryadi,52,BRCH005,Kedai Kopi Losari,KOA0106,Makassar,MENU004,Matcha Latte,KTG0207,Non-Kopi,2,28000,5,1.4,PAY0711,Kartu Kredit,53200
TRX0292,TGL0655,7/8/2024,CNA0348,Jasmine Puspita,42,BRCH002,Kedai Kopi Senayan,KOA0103,Jakarta,MENU003,Kopi Susu Gula Aren,KTG0205,Kopi,3,22000,15,1.6,PAY0710,Cash,56100
TRX0398,TGL0655,7/8/2024,CNA0290,Novi Hidayat,30,BRCH003,Kedai Kopi Tunjungan,KOA0104,Surabaya,MENU009,Kentang Goreng,KTG0206,Makanan,4,18000,15,4.4,PAY0710,Cash,61200
TRX0400,TGL0656,7/9/2024,CNA0396,Reza Permata,41,BRCH004,Kedai Kopi Merdeka,KOA0105,Medan,MENU002,Red Velvet Cake,KTG0206,Makanan,5,30000,15,5,PAY0709,QRIS,127500
TRX0106,TGL0656,7/9/2024,CNA0233,Jasmine Permata,18,BRCH004,Kedai Kopi Merdeka,KOA0105,Medan,MENU002,Red Velvet Cake,KTG0206,Makanan,3,30000,0,2,PAY0711,Kartu Kredit,90000
TRX0285,TGL0657,7/10/2024,CNA0116,Nur Yulianto,45,BRCH002,Kedai Kopi Senayan,KOA0103,Jakarta,MENU001,Cappuccino,KTG0205,Kopi,1,25000,10,5,PAY0712,Transfer,22500
TRX0637,TGL0657,7/10/2024,CNA0290,Novi Hidayat,30,BRCH005,Kedai Kopi Losari,KOA0106,Makassar,MENU003,Kopi Susu Gula Aren,KTG0205,Kopi,2,22000,0,3.9,PAY0711,Kartu Kredit,44000
TRX0084,TGL0657,7/10/2024,CNA0111,Gita Santoso,40,BRCH004,Kedai Kopi Merdeka,KOA0105,Medan,MENU006,Sandwich Ayam,KTG0206,Makanan,4,32000,15,2.5,PAY0709,QRIS,108800
TRX0709,TGL0658,7/12/2024,CNA0186,Taufik Kusuma,53,BRCH004,Kedai Kopi Merdeka,KOA0105,Medan,MENU001,Cappuccino,KTG0205,Kopi,3,25000,5,4.1,PAY0709,QRIS,71250
TRX0357,TGL0658,7/12/2024,CNA0402,Sinta Firmansyah,19,BRCH005,Kedai Kopi Losari,KOA0106,Makassar,MENU005,Croissant,KTG0206,Makanan,2,23000,20,2.8,PAY0710,Cash,36800
TRX0955,TGL0658,7/12/2024,CNA0284,Hana Lestari,21,BRCH001,Kedai Kopi Dago,KOA0102,Bandung,MENU005,Croissant,KTG0206,Makanan,5,23000,5,2.2,PAY0709,QRIS,109250
TRX0572,TGL0659,7/13/2024,CNA0165,Sari Iskandar,18,BRCH002,Kedai Kopi Senayan,KOA0103,Jakarta,MENU010,Espresso,KTG0205,Kopi,4,18000,15,2.7,PAY0710,Cash,61200
TRX0571,TGL0659,7/13/2024,CNA0315,Yusuf Firmansyah,51,BRCH003,Kedai Kopi Tunjungan,KOA0104,Surabaya,MENU008,Americano,KTG0205,Kopi,1,20000,5,4.6,PAY0712,Transfer,19000
TRX0058,TGL0659,7/13/2024,CNA0239,Hadi Kurniawan,23,BRCH004,Kedai Kopi Merdeka,KOA0105,Medan,MENU003,Kopi Susu Gula Aren,KTG0205,Kopi,2,22000,0,4.3,PAY0711,Kartu Kredit,44000
TRX0272,TGL0660,7/14/2024,CNA0164,Bella Pratama,48,BRCH005,Kedai Kopi Losari,KOA0106,Makassar,MENU004,Matcha Latte,KTG0207,Non-Kopi,1,28000,5,3.1,PAY0712,Transfer,26600
TRX0820,TGL0660,7/14/2024,CNA0137,Zaki Suryadi,32,BRCH005,Kedai Kopi Losari,KOA0106,Makassar,MENU006,Sandwich Ayam,KTG0206,Makanan,1,32000,15,1.3,PAY0712,Transfer,27200
TRX0169,TGL0660,7/14/2024,CNA0278,Utari Rahman,32,BRCH005,Kedai Kopi Losari,KOA0106,Makassar,MENU002,Red Velvet Cake,KTG0206,Makanan,4,30000,0,2.6,PAY0709,QRIS,120000
TRX0798,TGL0661,7/16/2024,CNA0410,Kurnia Iskandar,18,BRCH003,Kedai Kopi Tunjungan,KOA0104,Surabaya,MENU006,Sandwich Ayam,KTG0206,Makanan,1,32000,0,4.5,PAY0711,Kartu Kredit,32000
TRX0454,TGL0662,7/19/2024,CNA0411,Erna Ramadhan,52,BRCH005,Kedai Kopi Losari,KOA0106,Makassar,MENU010,Espresso,KTG0205,Kopi,1,18000,0,4.1,PAY0712,Transfer,18000
TRX0891,TGL0663,7/20/2024,CNA0235,Utari Utami,44,BRCH002,Kedai Kopi Senayan,KOA0103,Jakarta,MENU008,Americano,KTG0205,Kopi,5,20000,10,3.1,PAY0711,Kartu Kredit,90000
TRX0414,TGL0664,7/21/2024,CNA0233,Jasmine Permata,18,BRCH003,Kedai Kopi Tunjungan,KOA0104,Surabaya,MENU005,Croissant,KTG0206,Makanan,3,23000,15,1.7,PAY0712,Transfer,58650
TRX0217,TGL0665,7/22/2024,CNA0414,Hadi Permata,46,BRCH005,Kedai Kopi Losari,KOA0106,Makassar,MENU006,Sandwich Ayam,KTG0206,Makanan,2,32000,0,4.3,PAY0710,Cash,64000
TRX0559,TGL0666,7/23/2024,CNA0205,Miko Rahman,17,BRCH001,Kedai Kopi Dago,KOA0102,Bandung,MENU007,Chocolate Latte,KTG0207,Non-Kopi,3,27000,10,3,PAY0709,QRIS,72900
TRX0527,TGL0667,7/25/2024,CNA0287,Cahyo Saputra,31,BRCH003,Kedai Kopi Tunjungan,KOA0104,Surabaya,MENU006,Sandwich Ayam,KTG0206,Makanan,2,32000,0,3.9,PAY0711,Kartu Kredit,64000
TRX0026,TGL0668,7/26/2024,CNA0269,Rizky Utami,34,BRCH002,Kedai Kopi Senayan,KOA0103,Jakarta,MENU009,Kentang Goreng,KTG0206,Makanan,5,18000,20,1.7,PAY0710,Cash,72000
TRX0902,TGL0669,7/28/2024,CNA0201,Galih Permata,23,BRCH004,Kedai Kopi Merdeka,KOA0105,Medan,MENU007,Chocolate Latte,KTG0207,Non-Kopi,5,27000,10,2.8,PAY0711,Kartu Kredit,121500
TRX0859,TGL0669,7/28/2024,CNA0205,Miko Rahman,17,BRCH003,Kedai Kopi Tunjungan,KOA0104,Surabaya,MENU008,Americano,KTG0205,Kopi,1,20000,5,3.3,PAY0710,Cash,19000
TRX0651,TGL0670,7/30/2024,CNA0420,Vina Iskandar,44,BRCH002,Kedai Kopi Senayan,KOA0103,Jakarta,MENU004,Matcha Latte,KTG0207,Non-Kopi,4,28000,20,2,PAY0711,Kartu Kredit,89600
TRX0413,TGL0671,7/31/2024,CNA0188,Oki Lestari,19,BRCH005,Kedai Kopi Losari,KOA0106,Makassar,MENU005,Croissant,KTG0206,Makanan,2,23000,0,1.6,PAY0711,Kartu Kredit,46000
TRX0599,TGL0672,8/1/2024,CNA0132,Putri Anggraini,40,BRCH005,Kedai Kopi Losari,KOA0106,Makassar,MENU007,Chocolate Latte,KTG0207,Non-Kopi,5,27000,20,2.6,PAY0712,Transfer,108000
TRX0937,TGL0673,8/2/2024,CNA0111,Gita Santoso,40,BRCH002,Kedai Kopi Senayan,KOA0103,Jakarta,MENU007,Chocolate Latte,KTG0207,Non-Kopi,1,27000,10,1.7,PAY0712,Transfer,24300
TRX0341,TGL0673,8/2/2024,CNA0263,Widya Utami,36,BRCH005,Kedai Kopi Losari,KOA0106,Makassar,MENU009,Kentang Goreng,KTG0206,Makanan,4,18000,20,2.9,PAY0709,QRIS,57600
TRX0622,TGL0674,8/3/2024,CNA0120,Umar Kurniawan,44,BRCH002,Kedai Kopi Senayan,KOA0103,Jakarta,MENU001,Cappuccino,KTG0205,Kopi,2,25000,20,4.7,PAY0711,Kartu Kredit,40000
TRX0828,TGL0674,8/3/2024,CNA0426,Jihan Lestari,38,BRCH002,Kedai Kopi Senayan,KOA0103,Jakarta,MENU005,Croissant,KTG0206,Makanan,3,23000,10,2.4,PAY0711,Kartu Kredit,62100
TRX0371,TGL0675,8/4/2024,CNA0263,Widya Utami,36,BRCH002,Kedai Kopi Senayan,KOA0103,Jakarta,MENU009,Kentang Goreng,KTG0206,Makanan,5,18000,5,4.8,PAY0712,Transfer,85500
TRX0478,TGL0675,8/4/2024,CNA0115,Gunawan Salsabila,46,BRCH005,Kedai Kopi Losari,KOA0106,Makassar,MENU009,Kentang Goreng,KTG0206,Makanan,4,18000,5,2,PAY0712,Transfer,68400
TRX0298,TGL0675,8/4/2024,CNA0165,Sari Iskandar,18,BRCH005,Kedai Kopi Losari,KOA0106,Makassar,MENU002,Red Velvet Cake,KTG0206,Makanan,5,30000,10,4.4,PAY0709,QRIS,135000
TRX0218,TGL0676,8/5/2024,CNA0144,Widya Puspita,42,BRCH004,Kedai Kopi Merdeka,KOA0105,Medan,MENU004,Matcha Latte,KTG0207,Non-Kopi,4,28000,0,1.4,PAY0711,Kartu Kredit,112000
TRX0856,TGL0676,8/5/2024,CNA0277,Gita Suryadi,52,BRCH001,Kedai Kopi Dago,KOA0102,Bandung,MENU006,Sandwich Ayam,KTG0206,Makanan,4,32000,20,4,PAY0709,QRIS,102400
TRX0388,TGL0677,8/7/2024,CNA0310,Rizky Wardani,22,BRCH003,Kedai Kopi Tunjungan,KOA0104,Surabaya,MENU001,Cappuccino,KTG0205,Kopi,3,25000,10,1.5,PAY0709,QRIS,67500
TRX0089,TGL0677,8/7/2024,CNA0410,Kurnia Iskandar,18,BRCH001,Kedai Kopi Dago,KOA0102,Bandung,MENU009,Kentang Goreng,KTG0206,Makanan,5,18000,5,1.5,PAY0709,QRIS,85500
TRX0212,TGL0677,8/7/2024,CNA0434,Ratna Saputra,37,BRCH005,Kedai Kopi Losari,KOA0106,Makassar,MENU009,Kentang Goreng,KTG0206,Makanan,5,18000,0,1.5,PAY0709,QRIS,90000
TRX0959,TGL0678,8/9/2024,CNA0215,Puti Iskandar,52,BRCH004,Kedai Kopi Merdeka,KOA0105,Medan,MENU009,Kentang Goreng,KTG0206,Makanan,2,18000,20,2.7,PAY0712,Transfer,28800
TRX0697,TGL0679,8/10/2024,CNA0302,Lutfi Wardani,48,BRCH004,Kedai Kopi Merdeka,KOA0105,Medan,MENU008,Americano,KTG0205,Kopi,5,20000,15,3.6,PAY0709,QRIS,85000
TRX0337,TGL0679,8/10/2024,CNA0174,Candra Wijaya,48,BRCH002,Kedai Kopi Senayan,KOA0103,Jakarta,MENU005,Croissant,KTG0206,Makanan,4,23000,0,2,PAY0710,Cash,92000
TRX0231,TGL0679,8/10/2024,CNA0131,Hadi Iskandar,45,BRCH004,Kedai Kopi Merdeka,KOA0105,Medan,MENU003,Kopi Susu Gula Aren,KTG0205,Kopi,4,22000,0,4.8,PAY0712,Transfer,88000
TRX0473,TGL0680,8/11/2024,CNA0434,Ratna Saputra,37,BRCH002,Kedai Kopi Senayan,KOA0103,Jakarta,MENU007,Chocolate Latte,KTG0207,Non-Kopi,1,27000,10,3.7,PAY0711,Kartu Kredit,24300
TRX0793,TGL0681,8/12/2024,CNA0133,Salsa Maharani,42,BRCH001,Kedai Kopi Dago,KOA0102,Bandung,MENU001,Cappuccino,KTG0205,Kopi,5,25000,15,4.8,PAY0712,Transfer,106250
TRX0721,TGL0681,8/12/2024,CNA0145,Qori Pratama,19,BRCH002,Kedai Kopi Senayan,KOA0103,Jakarta,MENU005,Croissant,KTG0206,Makanan,5,23000,0,4.6,PAY0712,Transfer,115000
TRX0075,TGL0682,8/13/2024,CNA0128,Qonaah Utami,36,BRCH005,Kedai Kopi Losari,KOA0106,Makassar,MENU005,Croissant,KTG0206,Makanan,2,23000,15,1.1,PAY0712,Transfer,39100
TRX0417,TGL0683,8/14/2024,CNA0130,Zainal Handoko,33,BRCH002,Kedai Kopi Senayan,KOA0103,Jakarta,MENU001,Cappuccino,KTG0205,Kopi,4,25000,0,4.4,PAY0709,QRIS,100000
TRX0040,TGL0683,8/14/2024,CNA0228,Taufik Salsabila,40,BRCH002,Kedai Kopi Senayan,KOA0103,Jakarta,MENU009,Kentang Goreng,KTG0206,Makanan,5,18000,0,4.3,PAY0709,QRIS,90000
TRX0827,TGL0684,8/15/2024,CNA0268,Gunawan Utami,31,BRCH002,Kedai Kopi Senayan,KOA0103,Jakarta,MENU006,Sandwich Ayam,KTG0206,Makanan,2,32000,5,5,PAY0711,Kartu Kredit,60800
TRX0660,TGL0684,8/15/2024,CNA0269,Rizky Utami,34,BRCH005,Kedai Kopi Losari,KOA0106,Makassar,MENU006,Sandwich Ayam,KTG0206,Makanan,4,32000,0,3.7,PAY0709,QRIS,128000
TRX0695,TGL0685,8/16/2024,CNA0224,Nanda Amelia,49,BRCH004,Kedai Kopi Merdeka,KOA0105,Medan,MENU002,Red Velvet Cake,KTG0206,Makanan,5,30000,0,4.1,PAY0710,Cash,150000
TRX0980,TGL0685,8/16/2024,CNA0448,Agus Iskandar,22,BRCH002,Kedai Kopi Senayan,KOA0103,Jakarta,MENU008,Americano,KTG0205,Kopi,3,20000,0,2.6,PAY0710,Cash,60000
TRX0415,TGL0685,8/16/2024,CNA0195,Qonaah Firmansyah,42,BRCH005,Kedai Kopi Losari,KOA0106,Makassar,MENU010,Espresso,KTG0205,Kopi,5,18000,10,1.7,PAY0712,Transfer,81000
TRX0766,TGL0685,8/16/2024,CNA0211,Puti Saputra,49,BRCH002,Kedai Kopi Senayan,KOA0103,Jakarta,MENU001,Cappuccino,KTG0205,Kopi,3,25000,0,1.2,PAY0709,QRIS,75000
TRX0528,TGL0685,8/16/2024,CNA0192,Utari Handoko,20,BRCH002,Kedai Kopi Senayan,KOA0103,Jakarta,MENU002,Red Velvet Cake,KTG0206,Makanan,5,30000,0,1.7,PAY0709,QRIS,150000
TRX0069,TGL0686,8/17/2024,CNA0158,Maya Kurniawan,48,BRCH004,Kedai Kopi Merdeka,KOA0105,Medan,MENU003,Kopi Susu Gula Aren,KTG0205,Kopi,1,22000,0,1.5,PAY0710,Cash,22000
TRX0349,TGL0686,8/17/2024,CNA0453,Sinta Pratama,44,BRCH001,Kedai Kopi Dago,KOA0102,Bandung,MENU004,Matcha Latte,KTG0207,Non-Kopi,2,28000,5,2.9,PAY0712,Transfer,53200
TRX0644,TGL0687,8/18/2024,CNA0390,Yudha Rahman,32,BRCH003,Kedai Kopi Tunjungan,KOA0104,Surabaya,MENU003,Kopi Susu Gula Aren,KTG0205,Kopi,5,22000,0,3.3,PAY0712,Transfer,110000
TRX0811,TGL0687,8/18/2024,CNA0188,Oki Lestari,19,BRCH002,Kedai Kopi Senayan,KOA0103,Jakarta,MENU007,Chocolate Latte,KTG0207,Non-Kopi,1,27000,20,4.9,PAY0712,Transfer,21600
TRX0311,TGL0688,8/20/2024,CNA0374,Taufik Handoko,24,BRCH003,Kedai Kopi Tunjungan,KOA0104,Surabaya,MENU010,Espresso,KTG0205,Kopi,2,18000,0,2.8,PAY0710,Cash,36000
TRX0423,TGL0688,8/20/2024,CNA0390,Yudha Rahman,32,BRCH002,Kedai Kopi Senayan,KOA0103,Jakarta,MENU005,Croissant,KTG0206,Makanan,2,23000,0,2.8,PAY0711,Kartu Kredit,46000
TRX0656,TGL0688,8/20/2024,CNA0200,Ahmad Rahman,51,BRCH004,Kedai Kopi Merdeka,KOA0105,Medan,MENU007,Chocolate Latte,KTG0207,Non-Kopi,1,27000,15,3.4,PAY0711,Kartu Kredit,22950
TRX0023,TGL0688,8/20/2024,CNA0280,Ulfa Prasetyo,25,BRCH002,Kedai Kopi Senayan,KOA0103,Jakarta,MENU002,Red Velvet Cake,KTG0206,Makanan,3,30000,0,4.7,PAY0712,Transfer,90000
TRX0588,TGL0688,8/20/2024,CNA0214,Ilham Firmansyah,18,BRCH001,Kedai Kopi Dago,KOA0102,Bandung,MENU007,Chocolate Latte,KTG0207,Non-Kopi,3,27000,5,4.7,PAY0711,Kartu Kredit,76950
TRX0342,TGL0689,8/22/2024,CNA0420,Vina Iskandar,44,BRCH003,Kedai Kopi Tunjungan,KOA0104,Surabaya,MENU005,Croissant,KTG0206,Makanan,3,23000,15,4.8,PAY0711,Kartu Kredit,58650
TRX0522,TGL0690,8/23/2024,CNA0184,Zaki Santoso,24,BRCH004,Kedai Kopi Merdeka,KOA0105,Medan,MENU003,Kopi Susu Gula Aren,KTG0205,Kopi,1,22000,0,2.7,PAY0710,Cash,22000
TRX0754,TGL0690,8/23/2024,CNA0137,Zaki Suryadi,32,BRCH002,Kedai Kopi Senayan,KOA0103,Jakarta,MENU004,Matcha Latte,KTG0207,Non-Kopi,2,28000,5,2.7,PAY0709,QRIS,53200
TRX0198,TGL0691,8/24/2024,CNA0302,Lutfi Wardani,48,BRCH003,Kedai Kopi Tunjungan,KOA0104,Surabaya,MENU008,Americano,KTG0205,Kopi,4,20000,20,4.8,PAY0711,Kartu Kredit,64000
TRX0979,TGL0692,8/26/2024,CNA0333,Utari Lestari,27,BRCH002,Kedai Kopi Senayan,KOA0103,Jakarta,MENU006,Sandwich Ayam,KTG0206,Makanan,5,32000,15,4.4,PAY0711,Kartu Kredit,136000
TRX0474,TGL0692,8/26/2024,CNA0344,Indah Suryadi,43,BRCH002,Kedai Kopi Senayan,KOA0103,Jakarta,MENU010,Espresso,KTG0205,Kopi,4,18000,10,1.5,PAY0710,Cash,64800
TRX0600,TGL0692,8/26/2024,CNA0148,Fitri Kusuma,53,BRCH004,Kedai Kopi Merdeka,KOA0105,Medan,MENU005,Croissant,KTG0206,Makanan,2,23000,5,2.4,PAY0712,Transfer,43700
TRX0466,TGL0693,8/29/2024,CNA0468,Agus Suryadi,40,BRCH002,Kedai Kopi Senayan,KOA0103,Jakarta,MENU009,Kentang Goreng,KTG0206,Makanan,3,18000,5,2.1,PAY0711,Kartu Kredit,51300
TRX0692,TGL0694,8/30/2024,CNA0434,Ratna Saputra,37,BRCH002,Kedai Kopi Senayan,KOA0103,Jakarta,MENU005,Croissant,KTG0206,Makanan,3,23000,15,2.3,PAY0710,Cash,58650
TRX0897,TGL0695,8/31/2024,CNA0396,Reza Permata,41,BRCH001,Kedai Kopi Dago,KOA0102,Bandung,MENU008,Americano,KTG0205,Kopi,5,20000,10,4.5,PAY0711,Kartu Kredit,90000
TRX0126,TGL0696,9/2/2024,CNA0303,Sari Santoso,44,BRCH001,Kedai Kopi Dago,KOA0102,Bandung,MENU002,Red Velvet Cake,KTG0206,Makanan,3,30000,0,4.8,PAY0710,Cash,90000
TRX0204,TGL0697,9/3/2024,CNA0280,Ulfa Prasetyo,25,BRCH005,Kedai Kopi Losari,KOA0106,Makassar,MENU007,Chocolate Latte,KTG0207,Non-Kopi,3,27000,0,1,PAY0710,Cash,81000
TRX0596,TGL0698,9/5/2024,CNA0227,Hana Kurniawan,17,BRCH001,Kedai Kopi Dago,KOA0102,Bandung,MENU004,Matcha Latte,KTG0207,Non-Kopi,4,28000,5,5,PAY0710,Cash,106400
TRX0541,TGL0698,9/5/2024,CNA0130,Zainal Handoko,33,BRCH004,Kedai Kopi Merdeka,KOA0105,Medan,MENU009,Kentang Goreng,KTG0206,Makanan,4,18000,0,2.2,PAY0711,Kartu Kredit,72000
TRX0515,TGL0699,9/6/2024,CNA0188,Oki Lestari,19,BRCH002,Kedai Kopi Senayan,KOA0103,Jakarta,MENU005,Croissant,KTG0206,Makanan,4,23000,0,4.4,PAY0710,Cash,92000
TRX0467,TGL0700,9/7/2024,CNA0223,Kartika Nugraha,18,BRCH004,Kedai Kopi Merdeka,KOA0105,Medan,MENU008,Americano,KTG0205,Kopi,4,20000,20,2.6,PAY0709,QRIS,64000
TRX0375,TGL0701,9/8/2024,CNA0225,Laila Ramadhan,25,BRCH001,Kedai Kopi Dago,KOA0102,Bandung,MENU010,Espresso,KTG0205,Kopi,4,18000,0,4.8,PAY0712,Transfer,72000
TRX0262,TGL0702,9/9/2024,CNA0104,Nur Kusuma,41,BRCH004,Kedai Kopi Merdeka,KOA0105,Medan,MENU008,Americano,KTG0205,Kopi,3,20000,20,1.3,PAY0709,QRIS,48000
TRX0611,TGL0702,9/9/2024,CNA0155,Panji Wardani,18,BRCH004,Kedai Kopi Merdeka,KOA0105,Medan,MENU006,Sandwich Ayam,KTG0206,Makanan,2,32000,15,1.9,PAY0711,Kartu Kredit,54400
TRX0348,TGL0702,9/9/2024,CNA0205,Miko Rahman,17,BRCH001,Kedai Kopi Dago,KOA0102,Bandung,MENU010,Espresso,KTG0205,Kopi,5,18000,15,2.1,PAY0710,Cash,76500
TRX0107,TGL0702,9/9/2024,CNA0348,Jasmine Puspita,42,BRCH005,Kedai Kopi Losari,KOA0106,Makassar,MENU003,Kopi Susu Gula Aren,KTG0205,Kopi,4,22000,20,2.1,PAY0709,QRIS,70400
TRX0459,TGL0702,9/9/2024,CNA0256,Anisa Wijaya,29,BRCH001,Kedai Kopi Dago,KOA0102,Bandung,MENU001,Cappuccino,KTG0205,Kopi,4,25000,0,1,PAY0712,Transfer,100000
TRX0225,TGL0703,9/10/2024,CNA0138,Dian Puspita,53,BRCH004,Kedai Kopi Merdeka,KOA0105,Medan,MENU007,Chocolate Latte,KTG0207,Non-Kopi,3,27000,0,1.1,PAY0711,Kartu Kredit,81000
TRX0017,TGL0703,9/10/2024,CNA0410,Kurnia Iskandar,18,BRCH002,Kedai Kopi Senayan,KOA0103,Jakarta,MENU007,Chocolate Latte,KTG0207,Non-Kopi,5,27000,0,4.8,PAY0710,Cash,135000
TRX0847,TGL0703,9/10/2024,CNA0173,Panji Kurniawan,35,BRCH002,Kedai Kopi Senayan,KOA0103,Jakarta,MENU003,Kopi Susu Gula Aren,KTG0205,Kopi,4,22000,0,3.9,PAY0709,QRIS,88000
TRX0819,TGL0703,9/10/2024,CNA0233,Jasmine Permata,18,BRCH003,Kedai Kopi Tunjungan,KOA0104,Surabaya,MENU003,Kopi Susu Gula Aren,KTG0205,Kopi,4,22000,5,4.2,PAY0712,Transfer,83600
TRX0039,TGL0703,9/10/2024,CNA0292,Vino Iskandar,18,BRCH002,Kedai Kopi Senayan,KOA0103,Jakarta,MENU002,Red Velvet Cake,KTG0206,Makanan,1,30000,0,2.1,PAY0709,QRIS,30000
TRX0462,TGL0704,9/12/2024,CNA0187,Putri Salsabila,49,BRCH004,Kedai Kopi Merdeka,KOA0105,Medan,MENU004,Matcha Latte,KTG0207,Non-Kopi,2,28000,0,3,PAY0712,Transfer,56000
TRX0109,TGL0704,9/12/2024,CNA0207,Vera Santoso,50,BRCH005,Kedai Kopi Losari,KOA0106,Makassar,MENU007,Chocolate Latte,KTG0207,Non-Kopi,3,27000,15,2.9,PAY0711,Kartu Kredit,68850
TRX0608,TGL0705,9/13/2024,CNA0232,Yudha Ramadhan,17,BRCH001,Kedai Kopi Dago,KOA0102,Bandung,MENU007,Chocolate Latte,KTG0207,Non-Kopi,5,27000,0,4.1,PAY0711,Kartu Kredit,135000
TRX0239,TGL0706,9/14/2024,CNA0137,Zaki Suryadi,32,BRCH004,Kedai Kopi Merdeka,KOA0105,Medan,MENU005,Croissant,KTG0206,Makanan,3,23000,10,4.4,PAY0710,Cash,62100
TRX0431,TGL0707,9/15/2024,CNA0230,Wahyu Wardani,23,BRCH002,Kedai Kopi Senayan,KOA0103,Jakarta,MENU008,Americano,KTG0205,Kopi,2,20000,0,1.5,PAY0712,Transfer,40000
TRX0733,TGL0707,9/15/2024,CNA0280,Ulfa Prasetyo,25,BRCH005,Kedai Kopi Losari,KOA0106,Makassar,MENU004,Matcha Latte,KTG0207,Non-Kopi,4,28000,20,4.3,PAY0710,Cash,89600
TRX0833,TGL0708,9/17/2024,CNA0494,Kartika Ramadhan,40,BRCH005,Kedai Kopi Losari,KOA0106,Makassar,MENU009,Kentang Goreng,KTG0206,Makanan,2,18000,0,4.1,PAY0711,Kartu Kredit,36000
TRX0737,TGL0708,9/17/2024,CNA0106,Indah Rahman,30,BRCH005,Kedai Kopi Losari,KOA0106,Makassar,MENU009,Kentang Goreng,KTG0206,Makanan,4,18000,20,1.8,PAY0712,Transfer,57600
TRX0010,TGL0709,9/19/2024,CNA0199,Dian Permata,24,BRCH003,Kedai Kopi Tunjungan,KOA0104,Surabaya,MENU005,Croissant,KTG0206,Makanan,5,23000,20,1.1,PAY0710,Cash,92000
TRX0163,TGL0710,9/20/2024,CNA0497,Xena Santoso,25,BRCH002,Kedai Kopi Senayan,KOA0103,Jakarta,MENU009,Kentang Goreng,KTG0206,Makanan,2,18000,0,4.4,PAY0711,Kartu Kredit,36000
TRX0985,TGL0710,9/20/2024,CNA0317,Kurnia Yulianto,31,BRCH004,Kedai Kopi Merdeka,KOA0105,Medan,MENU004,Matcha Latte,KTG0207,Non-Kopi,4,28000,0,1.5,PAY0710,Cash,112000
TRX0962,TGL0710,9/20/2024,CNA0255,Citra Prasetyo,30,BRCH003,Kedai Kopi Tunjungan,KOA0104,Surabaya,MENU007,Chocolate Latte,KTG0207,Non-Kopi,5,27000,5,1.1,PAY0710,Cash,128250
TRX0313,TGL0711,9/21/2024,CNA0244,Hadi Ramadhan,39,BRCH005,Kedai Kopi Losari,KOA0106,Makassar,MENU010,Espresso,KTG0205,Kopi,4,18000,5,1.2,PAY0710,Cash,68400
TRX0251,TGL0712,9/24/2024,CNA0301,Qonaah Lestari,29,BRCH002,Kedai Kopi Senayan,KOA0103,Jakarta,MENU006,Sandwich Ayam,KTG0206,Makanan,3,32000,15,2.2,PAY0710,Cash,81600
TRX0520,TGL0712,9/24/2024,CNA0123,Qonaah Kurniawan,31,BRCH003,Kedai Kopi Tunjungan,KOA0104,Surabaya,MENU001,Cappuccino,KTG0205,Kopi,3,25000,20,2.8,PAY0712,Transfer,60000
TRX0173,TGL0713,9/25/2024,CNA0414,Hadi Permata,46,BRCH002,Kedai Kopi Senayan,KOA0103,Jakarta,MENU007,Chocolate Latte,KTG0207,Non-Kopi,5,27000,20,4,PAY0710,Cash,108000
TRX0767,TGL0714,9/26/2024,CNA0350,Cahyo Firmansyah,52,BRCH005,Kedai Kopi Losari,KOA0106,Makassar,MENU008,Americano,KTG0205,Kopi,2,20000,15,1.1,PAY0710,Cash,34000
TRX0199,TGL0715,9/28/2024,CNA0133,Salsa Maharani,42,BRCH005,Kedai Kopi Losari,KOA0106,Makassar,MENU001,Cappuccino,KTG0205,Kopi,4,25000,10,2.4,PAY0709,QRIS,90000
TRX0643,TGL0716,9/29/2024,CNA0120,Umar Kurniawan,44,BRCH002,Kedai Kopi Senayan,KOA0103,Jakarta,MENU003,Kopi Susu Gula Aren,KTG0205,Kopi,5,22000,0,3,PAY0710,Cash,110000
TRX0299,TGL0716,9/29/2024,CNA0507,Taufik Rahman,24,BRCH005,Kedai Kopi Losari,KOA0106,Makassar,MENU008,Americano,KTG0205,Kopi,3,20000,10,3.6,PAY0709,QRIS,54000
TRX0634,TGL0717,9/30/2024,CNA0114,Farah Maharani,51,BRCH002,Kedai Kopi Senayan,KOA0103,Jakarta,MENU004,Matcha Latte,KTG0207,Non-Kopi,3,28000,20,1.4,PAY0711,Kartu Kredit,67200
TRX0076,TGL0718,10/3/2024,CNA0342,Ratna Santoso,35,BRCH005,Kedai Kopi Losari,KOA0106,Makassar,MENU006,Sandwich Ayam,KTG0206,Makanan,5,32000,15,2,PAY0711,Kartu Kredit,136000
TRX0281,TGL0718,10/3/2024,CNA0106,Indah Rahman,30,BRCH004,Kedai Kopi Merdeka,KOA0105,Medan,MENU004,Matcha Latte,KTG0207,Non-Kopi,5,28000,10,2.9,PAY0711,Kartu Kredit,126000
TRX0680,TGL0718,10/3/2024,CNA0511,Zaki Prasetyo,36,BRCH002,Kedai Kopi Senayan,KOA0103,Jakarta,MENU002,Red Velvet Cake,KTG0206,Makanan,5,30000,10,3.9,PAY0709,QRIS,135000
TRX0054,TGL0718,10/3/2024,CNA0325,Candra Salsabila,45,BRCH001,Kedai Kopi Dago,KOA0102,Bandung,MENU004,Matcha Latte,KTG0207,Non-Kopi,1,28000,0,3.8,PAY0712,Transfer,28000
TRX0297,TGL0719,10/5/2024,CNA0513,Maya Salsabila,52,BRCH005,Kedai Kopi Losari,KOA0106,Makassar,MENU004,Matcha Latte,KTG0207,Non-Kopi,1,28000,0,3,PAY0709,QRIS,28000
TRX0097,TGL0720,10/6/2024,CNA0278,Utari Rahman,32,BRCH002,Kedai Kopi Senayan,KOA0103,Jakarta,MENU001,Cappuccino,KTG0205,Kopi,3,25000,5,2.3,PAY0709,QRIS,71250
TRX0570,TGL0721,10/7/2024,CNA0222,Joko Maharani,34,BRCH003,Kedai Kopi Tunjungan,KOA0104,Surabaya,MENU004,Matcha Latte,KTG0207,Non-Kopi,4,28000,0,2.1,PAY0712,Transfer,112000
TRX0476,TGL0722,10/8/2024,CNA0233,Jasmine Permata,18,BRCH005,Kedai Kopi Losari,KOA0106,Makassar,MENU001,Cappuccino,KTG0205,Kopi,5,25000,20,2.9,PAY0711,Kartu Kredit,100000
TRX0672,TGL0722,10/8/2024,CNA0107,Reza Saputra,19,BRCH005,Kedai Kopi Losari,KOA0106,Makassar,MENU010,Espresso,KTG0205,Kopi,5,18000,0,5,PAY0712,Transfer,90000
TRX0073,TGL0723,10/9/2024,CNA0513,Maya Salsabila,52,BRCH005,Kedai Kopi Losari,KOA0106,Makassar,MENU009,Kentang Goreng,KTG0206,Makanan,1,18000,0,2.3,PAY0709,QRIS,18000
TRX0843,TGL0723,10/9/2024,CNA0119,Rizky Ramadhan,35,BRCH004,Kedai Kopi Merdeka,KOA0105,Medan,MENU005,Croissant,KTG0206,Makanan,3,23000,0,1.2,PAY0709,QRIS,69000
TRX0078,TGL0724,10/10/2024,CNA0188,Oki Lestari,19,BRCH002,Kedai Kopi Senayan,KOA0103,Jakarta,MENU008,Americano,KTG0205,Kopi,5,20000,5,2.1,PAY0710,Cash,95000
TRX0257,TGL0725,10/11/2024,CNA0280,Ulfa Prasetyo,25,BRCH003,Kedai Kopi Tunjungan,KOA0104,Surabaya,MENU008,Americano,KTG0205,Kopi,4,20000,10,3.3,PAY0711,Kartu Kredit,72000
TRX0943,TGL0725,10/11/2024,CNA0139,Budi Susanto,51,BRCH005,Kedai Kopi Losari,KOA0106,Makassar,MENU005,Croissant,KTG0206,Makanan,1,23000,0,4.7,PAY0711,Kartu Kredit,23000
TRX0211,TGL0725,10/11/2024,CNA0202,Dian Pratama,53,BRCH003,Kedai Kopi Tunjungan,KOA0104,Surabaya,MENU003,Kopi Susu Gula Aren,KTG0205,Kopi,5,22000,5,3.5,PAY0710,Cash,104500
TRX0917,TGL0725,10/11/2024,CNA0191,Erna Kusuma,41,BRCH002,Kedai Kopi Senayan,KOA0103,Jakarta,MENU009,Kentang Goreng,KTG0206,Makanan,2,18000,5,2.2,PAY0712,Transfer,34200
TRX0947,TGL0726,10/12/2024,CNA0103,Nanda Nugraha,44,BRCH002,Kedai Kopi Senayan,KOA0103,Jakarta,MENU007,Chocolate Latte,KTG0207,Non-Kopi,4,27000,0,4.4,PAY0709,QRIS,108000
TRX0118,TGL0727,10/14/2024,CNA0149,Bella Wijaya,33,BRCH004,Kedai Kopi Merdeka,KOA0105,Medan,MENU008,Americano,KTG0205,Kopi,5,20000,5,4.9,PAY0710,Cash,95000
TRX0990,TGL0727,10/14/2024,CNA0497,Xena Santoso,25,BRCH003,Kedai Kopi Tunjungan,KOA0104,Surabaya,MENU009,Kentang Goreng,KTG0206,Makanan,1,18000,20,5,PAY0709,QRIS,14400
TRX0818,TGL0728,10/15/2024,CNA0129,Sari Halim,49,BRCH002,Kedai Kopi Senayan,KOA0103,Jakarta,MENU001,Cappuccino,KTG0205,Kopi,3,25000,15,1,PAY0711,Kartu Kredit,63750
TRX0809,TGL0728,10/15/2024,CNA0214,Ilham Firmansyah,18,BRCH001,Kedai Kopi Dago,KOA0102,Bandung,MENU009,Kentang Goreng,KTG0206,Makanan,4,18000,0,4.6,PAY0710,Cash,72000
TRX0224,TGL0728,10/15/2024,CNA0122,Reza Iskandar,20,BRCH005,Kedai Kopi Losari,KOA0106,Makassar,MENU001,Cappuccino,KTG0205,Kopi,1,25000,0,5,PAY0709,QRIS,25000
TRX0677,TGL0728,10/15/2024,CNA0531,Vera Hidayat,45,BRCH001,Kedai Kopi Dago,KOA0102,Bandung,MENU007,Chocolate Latte,KTG0207,Non-Kopi,4,27000,0,2.8,PAY0711,Kartu Kredit,108000
TRX0768,TGL0729,10/17/2024,CNA0381,Jihan Amelia,40,BRCH004,Kedai Kopi Merdeka,KOA0105,Medan,MENU007,Chocolate Latte,KTG0207,Non-Kopi,2,27000,10,1.4,PAY0710,Cash,48600
TRX0842,TGL0730,10/18/2024,CNA0315,Yusuf Firmansyah,51,BRCH004,Kedai Kopi Merdeka,KOA0105,Medan,MENU010,Espresso,KTG0205,Kopi,2,18000,15,1.6,PAY0709,QRIS,30600
TRX0782,TGL0731,10/21/2024,CNA0284,Hana Lestari,21,BRCH004,Kedai Kopi Merdeka,KOA0105,Medan,MENU009,Kentang Goreng,KTG0206,Makanan,3,18000,10,2.1,PAY0712,Transfer,48600
TRX0874,TGL0732,10/22/2024,CNA0195,Qonaah Firmansyah,42,BRCH005,Kedai Kopi Losari,KOA0106,Makassar,MENU009,Kentang Goreng,KTG0206,Makanan,5,18000,0,3.6,PAY0711,Kartu Kredit,90000
TRX0781,TGL0732,10/22/2024,CNA0110,Fitri Permata,39,BRCH005,Kedai Kopi Losari,KOA0106,Makassar,MENU003,Kopi Susu Gula Aren,KTG0205,Kopi,4,22000,5,4.5,PAY0711,Kartu Kredit,83600
TRX0762,TGL0732,10/22/2024,CNA0537,Jihan Wijaya,19,BRCH004,Kedai Kopi Merdeka,KOA0105,Medan,MENU010,Espresso,KTG0205,Kopi,4,18000,10,1.5,PAY0711,Kartu Kredit,64800
TRX0875,TGL0733,10/23/2024,CNA0411,Erna Ramadhan,52,BRCH002,Kedai Kopi Senayan,KOA0103,Jakarta,MENU008,Americano,KTG0205,Kopi,3,20000,0,2.1,PAY0712,Transfer,60000
TRX0008,TGL0734,10/24/2024,CNA0169,Hana Permata,53,BRCH002,Kedai Kopi Senayan,KOA0103,Jakarta,MENU008,Americano,KTG0205,Kopi,5,20000,5,2.7,PAY0711,Kartu Kredit,95000
TRX0715,TGL0735,10/26/2024,CNA0256,Anisa Wijaya,29,BRCH005,Kedai Kopi Losari,KOA0106,Makassar,MENU002,Red Velvet Cake,KTG0206,Makanan,1,30000,0,4.7,PAY0709,QRIS,30000
TRX0372,TGL0736,10/27/2024,CNA0541,Yudha Suryadi,28,BRCH001,Kedai Kopi Dago,KOA0102,Bandung,MENU001,Cappuccino,KTG0205,Kopi,2,25000,20,3.7,PAY0711,Kartu Kredit,40000
TRX0261,TGL0737,10/28/2024,CNA0310,Rizky Wardani,22,BRCH002,Kedai Kopi Senayan,KOA0103,Jakarta,MENU004,Matcha Latte,KTG0207,Non-Kopi,5,28000,5,4.2,PAY0711,Kartu Kredit,133000
TRX0100,TGL0737,10/28/2024,CNA0242,Ahmad Lestari,40,BRCH003,Kedai Kopi Tunjungan,KOA0104,Surabaya,MENU006,Sandwich Ayam,KTG0206,Makanan,1,32000,10,1.2,PAY0712,Transfer,28800
TRX0853,TGL0737,10/28/2024,CNA0184,Zaki Santoso,24,BRCH001,Kedai Kopi Dago,KOA0102,Bandung,MENU007,Chocolate Latte,KTG0207,Non-Kopi,4,27000,0,3.4,PAY0711,Kartu Kredit,108000
TRX0614,TGL0738,10/29/2024,CNA0537,Jihan Wijaya,19,BRCH003,Kedai Kopi Tunjungan,KOA0104,Surabaya,MENU002,Red Velvet Cake,KTG0206,Makanan,1,30000,10,3.4,PAY0711,Kartu Kredit,27000
TRX0526,TGL0738,10/29/2024,CNA0468,Agus Suryadi,40,BRCH002,Kedai Kopi Senayan,KOA0103,Jakarta,MENU007,Chocolate Latte,KTG0207,Non-Kopi,2,27000,15,3.1,PAY0711,Kartu Kredit,45900
TRX0016,TGL0739,10/30/2024,CNA0242,Ahmad Lestari,40,BRCH005,Kedai Kopi Losari,KOA0106,Makassar,MENU007,Chocolate Latte,KTG0207,Non-Kopi,1,27000,0,4.4,PAY0711,Kartu Kredit,27000
TRX0944,TGL0740,10/31/2024,CNA0204,Wahyu Saputra,40,BRCH001,Kedai Kopi Dago,KOA0102,Bandung,MENU008,Americano,KTG0205,Kopi,1,20000,5,1.5,PAY0711,Kartu Kredit,19000
TRX0424,TGL0740,10/31/2024,CNA0411,Erna Ramadhan,52,BRCH005,Kedai Kopi Losari,KOA0106,Makassar,MENU007,Chocolate Latte,KTG0207,Non-Kopi,2,27000,0,4.7,PAY0710,Cash,54000
TRX0157,TGL0740,10/31/2024,CNA0143,Miko Kusuma,49,BRCH005,Kedai Kopi Losari,KOA0106,Makassar,MENU005,Croissant,KTG0206,Makanan,2,23000,20,1.3,PAY0712,Transfer,36800
TRX0535,TGL0741,11/1/2024,CNA0310,Rizky Wardani,22,BRCH002,Kedai Kopi Senayan,KOA0103,Jakarta,MENU010,Espresso,KTG0205,Kopi,4,18000,10,4.7,PAY0712,Transfer,64800
TRX0519,TGL0741,11/1/2024,CNA0205,Miko Rahman,17,BRCH004,Kedai Kopi Merdeka,KOA0105,Medan,MENU006,Sandwich Ayam,KTG0206,Makanan,3,32000,20,3.1,PAY0711,Kartu Kredit,76800
TRX0540,TGL0742,11/3/2024,CNA0105,Hana Salsabila,53,BRCH005,Kedai Kopi Losari,KOA0106,Makassar,MENU010,Espresso,KTG0205,Kopi,2,18000,10,3.2,PAY0709,QRIS,32400
TRX0889,TGL0743,11/4/2024,CNA0256,Anisa Wijaya,29,BRCH001,Kedai Kopi Dago,KOA0102,Bandung,MENU010,Espresso,KTG0205,Kopi,2,18000,0,3.5,PAY0711,Kartu Kredit,36000
TRX0628,TGL0744,11/7/2024,CNA0106,Indah Rahman,30,BRCH004,Kedai Kopi Merdeka,KOA0105,Medan,MENU002,Red Velvet Cake,KTG0206,Makanan,4,30000,0,4,PAY0709,QRIS,120000
TRX0893,TGL0745,11/8/2024,CNA0234,Salsa Santoso,37,BRCH003,Kedai Kopi Tunjungan,KOA0104,Surabaya,MENU004,Matcha Latte,KTG0207,Non-Kopi,1,28000,0,4,PAY0709,QRIS,28000
TRX0975,TGL0745,11/8/2024,CNA0287,Cahyo Saputra,31,BRCH001,Kedai Kopi Dago,KOA0102,Bandung,MENU010,Espresso,KTG0205,Kopi,2,18000,15,3.8,PAY0709,QRIS,30600
TRX0154,TGL0746,11/9/2024,CNA0558,Wulan Nugraha,27,BRCH005,Kedai Kopi Losari,KOA0106,Makassar,MENU001,Cappuccino,KTG0205,Kopi,4,25000,20,1.7,PAY0710,Cash,80000
TRX0675,TGL0747,11/10/2024,CNA0323,Ahmad Saputra,18,BRCH002,Kedai Kopi Senayan,KOA0103,Jakarta,MENU004,Matcha Latte,KTG0207,Non-Kopi,1,28000,10,5,PAY0710,Cash,25200
TRX0447,TGL0748,11/11/2024,CNA0560,Zaki Wijaya,41,BRCH001,Kedai Kopi Dago,KOA0102,Bandung,MENU006,Sandwich Ayam,KTG0206,Makanan,1,32000,5,4,PAY0709,QRIS,30400
TRX0940,TGL0749,11/13/2024,CNA0453,Sinta Pratama,44,BRCH005,Kedai Kopi Losari,KOA0106,Makassar,MENU003,Kopi Susu Gula Aren,KTG0205,Kopi,2,22000,0,2.9,PAY0712,Transfer,44000
TRX0753,TGL0749,11/13/2024,CNA0342,Ratna Santoso,35,BRCH005,Kedai Kopi Losari,KOA0106,Makassar,MENU006,Sandwich Ayam,KTG0206,Makanan,4,32000,10,1.4,PAY0712,Transfer,115200
TRX0745,TGL0750,11/14/2024,CNA0184,Zaki Santoso,24,BRCH002,Kedai Kopi Senayan,KOA0103,Jakarta,MENU003,Kopi Susu Gula Aren,KTG0205,Kopi,4,22000,15,3.1,PAY0709,QRIS,74800
TRX0673,TGL0751,11/15/2024,CNA0240,Tono Wirawan,47,BRCH001,Kedai Kopi Dago,KOA0102,Bandung,MENU002,Red Velvet Cake,KTG0206,Makanan,5,30000,15,3.2,PAY0711,Kartu Kredit,127500
TRX0729,TGL0751,11/15/2024,CNA0292,Vino Iskandar,18,BRCH004,Kedai Kopi Merdeka,KOA0105,Medan,MENU006,Sandwich Ayam,KTG0206,Makanan,5,32000,0,1,PAY0712,Transfer,160000
TRX0763,TGL0751,11/15/2024,CNA0236,Qonita Kusuma,20,BRCH003,Kedai Kopi Tunjungan,KOA0104,Surabaya,MENU005,Croissant,KTG0206,Makanan,3,23000,0,2.5,PAY0712,Transfer,69000
TRX0744,TGL0752,11/16/2024,CNA0325,Candra Salsabila,45,BRCH005,Kedai Kopi Losari,KOA0106,Makassar,MENU005,Croissant,KTG0206,Makanan,5,23000,15,1.8,PAY0710,Cash,97750
TRX0138,TGL0752,11/16/2024,CNA0315,Yusuf Firmansyah,51,BRCH005,Kedai Kopi Losari,KOA0106,Makassar,MENU008,Americano,KTG0205,Kopi,4,20000,15,2.6,PAY0712,Transfer,68000
TRX0699,TGL0753,11/17/2024,CNA0134,Lutfi Halim,54,BRCH003,Kedai Kopi Tunjungan,KOA0104,Surabaya,MENU006,Sandwich Ayam,KTG0206,Makanan,2,32000,0,3.7,PAY0712,Transfer,64000
TRX0115,TGL0754,11/18/2024,CNA0222,Joko Maharani,34,BRCH001,Kedai Kopi Dago,KOA0102,Bandung,MENU003,Kopi Susu Gula Aren,KTG0205,Kopi,1,22000,15,2,PAY0710,Cash,18700
TRX0110,TGL0754,11/18/2024,CNA0121,Tono Maharani,25,BRCH002,Kedai Kopi Senayan,KOA0103,Jakarta,MENU001,Cappuccino,KTG0205,Kopi,2,25000,10,4.1,PAY0709,QRIS,45000
TRX0836,TGL0755,11/19/2024,CNA0318,Fitri Susanto,27,BRCH001,Kedai Kopi Dago,KOA0102,Bandung,MENU003,Kopi Susu Gula Aren,KTG0205,Kopi,1,22000,20,1.4,PAY0709,QRIS,17600
TRX0865,TGL0755,11/19/2024,CNA0225,Laila Ramadhan,25,BRCH005,Kedai Kopi Losari,KOA0106,Makassar,MENU007,Chocolate Latte,KTG0207,Non-Kopi,2,27000,0,4,PAY0712,Transfer,54000
TRX0235,TGL0756,11/20/2024,CNA0180,Joko Santoso,19,BRCH002,Kedai Kopi Senayan,KOA0103,Jakarta,MENU001,Cappuccino,KTG0205,Kopi,2,25000,20,2.6,PAY0709,QRIS,40000
TRX0717,TGL0757,11/21/2024,CNA0185,Gita Kusuma,22,BRCH002,Kedai Kopi Senayan,KOA0103,Jakarta,MENU003,Kopi Susu Gula Aren,KTG0205,Kopi,5,22000,0,1.9,PAY0710,Cash,110000
TRX0370,TGL0758,11/22/2024,CNA0177,Oscar Suryadi,38,BRCH002,Kedai Kopi Senayan,KOA0103,Jakarta,MENU009,Kentang Goreng,KTG0206,Makanan,5,18000,15,3.5,PAY0711,Kartu Kredit,76500
TRX0935,TGL0758,11/22/2024,CNA0323,Ahmad Saputra,18,BRCH005,Kedai Kopi Losari,KOA0106,Makassar,MENU004,Matcha Latte,KTG0207,Non-Kopi,2,28000,0,4.7,PAY0711,Kartu Kredit,56000
TRX0977,TGL0759,11/23/2024,CNA0323,Ahmad Saputra,18,BRCH003,Kedai Kopi Tunjungan,KOA0104,Surabaya,MENU010,Espresso,KTG0205,Kopi,4,18000,20,2.1,PAY0710,Cash,57600
TRX0747,TGL0760,11/24/2024,CNA0497,Xena Santoso,25,BRCH004,Kedai Kopi Merdeka,KOA0105,Medan,MENU001,Cappuccino,KTG0205,Kopi,4,25000,0,1.3,PAY0709,QRIS,100000
TRX0435,TGL0761,11/25/2024,CNA0468,Agus Suryadi,40,BRCH003,Kedai Kopi Tunjungan,KOA0104,Surabaya,MENU006,Sandwich Ayam,KTG0206,Makanan,3,32000,5,3.8,PAY0710,Cash,91200
TRX0999,TGL0761,11/25/2024,CNA0581,Ulfa Wijaya,31,BRCH004,Kedai Kopi Merdeka,KOA0105,Medan,MENU005,Croissant,KTG0206,Makanan,2,23000,5,1.9,PAY0711,Kartu Kredit,43700
TRX0553,TGL0761,11/25/2024,CNA0158,Maya Kurniawan,48,BRCH002,Kedai Kopi Senayan,KOA0103,Jakarta,MENU009,Kentang Goreng,KTG0206,Makanan,2,18000,15,2.1,PAY0710,Cash,30600
TRX0755,TGL0762,11/29/2024,CNA0186,Taufik Kusuma,53,BRCH003,Kedai Kopi Tunjungan,KOA0104,Surabaya,MENU004,Matcha Latte,KTG0207,Non-Kopi,2,28000,15,2.8,PAY0710,Cash,47600
TRX0544,TGL0763,11/30/2024,CNA0219,Xena Iskandar,23,BRCH004,Kedai Kopi Merdeka,KOA0105,Medan,MENU010,Espresso,KTG0205,Kopi,3,18000,0,2.2,PAY0712,Transfer,54000
TRX0537,TGL0763,11/30/2024,CNA0123,Qonaah Kurniawan,31,BRCH001,Kedai Kopi Dago,KOA0102,Bandung,MENU010,Espresso,KTG0205,Kopi,5,18000,10,3.6,PAY0712,Transfer,81000
TRX0238,TGL0764,12/1/2024,CNA0414,Hadi Permata,46,BRCH001,Kedai Kopi Dago,KOA0102,Bandung,MENU009,Kentang Goreng,KTG0206,Makanan,1,18000,0,3.6,PAY0712,Transfer,18000
TRX0606,TGL0765,12/2/2024,CNA0136,Ahmad Maharani,31,BRCH003,Kedai Kopi Tunjungan,KOA0104,Surabaya,MENU002,Red Velvet Cake,KTG0206,Makanan,2,30000,0,3.2,PAY0710,Cash,60000
TRX0046,TGL0766,12/3/2024,CNA0434,Ratna Saputra,37,BRCH005,Kedai Kopi Losari,KOA0106,Makassar,MENU005,Croissant,KTG0206,Makanan,2,23000,10,3.1,PAY0712,Transfer,41400
TRX0003,TGL0766,12/3/2024,CNA0225,Laila Ramadhan,25,BRCH003,Kedai Kopi Tunjungan,KOA0104,Surabaya,MENU002,Red Velvet Cake,KTG0206,Makanan,1,30000,5,3.1,PAY0710,Cash,28500
TRX0362,TGL0767,12/4/2024,CNA0126,Sinta Iskandar,30,BRCH004,Kedai Kopi Merdeka,KOA0105,Medan,MENU004,Matcha Latte,KTG0207,Non-Kopi,2,28000,0,1.5,PAY0710,Cash,56000
TRX0221,TGL0768,12/6/2024,CNA0195,Qonaah Firmansyah,42,BRCH005,Kedai Kopi Losari,KOA0106,Makassar,MENU009,Kentang Goreng,KTG0206,Makanan,1,18000,10,1.9,PAY0710,Cash,16200
TRX0929,TGL0769,12/7/2024,CNA0312,Zaki Yulianto,49,BRCH005,Kedai Kopi Losari,KOA0106,Makassar,MENU009,Kentang Goreng,KTG0206,Makanan,4,18000,0,2.9,PAY0709,QRIS,72000
TRX0303,TGL0769,12/7/2024,CNA0119,Rizky Ramadhan,35,BRCH004,Kedai Kopi Merdeka,KOA0105,Medan,MENU006,Sandwich Ayam,KTG0206,Makanan,1,32000,10,3.9,PAY0712,Transfer,28800
TRX0156,TGL0769,12/7/2024,CNA0318,Fitri Susanto,27,BRCH004,Kedai Kopi Merdeka,KOA0105,Medan,MENU010,Espresso,KTG0205,Kopi,3,18000,0,1.7,PAY0711,Kartu Kredit,54000
TRX0366,TGL0769,12/7/2024,CNA0357,Dewi Kusuma,25,BRCH003,Kedai Kopi Tunjungan,KOA0104,Surabaya,MENU007,Chocolate Latte,KTG0207,Non-Kopi,5,27000,20,2.6,PAY0709,QRIS,108000
TRX0590,TGL0770,12/11/2024,CNA0223,Kartika Nugraha,18,BRCH001,Kedai Kopi Dago,KOA0102,Bandung,MENU007,Chocolate Latte,KTG0207,Non-Kopi,3,27000,10,1.7,PAY0710,Cash,72900
TRX0852,TGL0770,12/11/2024,CNA0265,Yusuf Ramadhan,42,BRCH003,Kedai Kopi Tunjungan,KOA0104,Surabaya,MENU006,Sandwich Ayam,KTG0206,Makanan,1,32000,5,1.3,PAY0711,Kartu Kredit,30400
TRX0183,TGL0770,12/11/2024,CNA0101,Anisa Wirawan,27,BRCH001,Kedai Kopi Dago,KOA0102,Bandung,MENU001,Cappuccino,KTG0205,Kopi,3,25000,0,3.7,PAY0711,Kartu Kredit,75000
TRX0012,TGL0770,12/11/2024,CNA0303,Sari Santoso,44,BRCH005,Kedai Kopi Losari,KOA0106,Makassar,MENU010,Espresso,KTG0205,Kopi,4,18000,15,2.3,PAY0711,Kartu Kredit,61200
TRX0880,TGL0770,12/11/2024,CNA0165,Sari Iskandar,18,BRCH003,Kedai Kopi Tunjungan,KOA0104,Surabaya,MENU003,Kopi Susu Gula Aren,KTG0205,Kopi,1,22000,5,4.5,PAY0711,Kartu Kredit,20900
TRX0905,TGL0771,12/12/2024,CNA0497,Xena Santoso,25,BRCH005,Kedai Kopi Losari,KOA0106,Makassar,MENU005,Croissant,KTG0206,Makanan,1,23000,0,3.4,PAY0711,Kartu Kredit,23000
TRX0442,TGL0772,12/13/2024,CNA0411,Erna Ramadhan,52,BRCH005,Kedai Kopi Losari,KOA0106,Makassar,MENU003,Kopi Susu Gula Aren,KTG0205,Kopi,1,22000,0,1.5,PAY0712,Transfer,22000
TRX0397,TGL0772,12/13/2024,CNA0126,Sinta Iskandar,30,BRCH005,Kedai Kopi Losari,KOA0106,Makassar,MENU009,Kentang Goreng,KTG0206,Makanan,1,18000,20,1.5,PAY0710,Cash,14400
TRX0510,TGL0772,12/13/2024,CNA0531,Vera Hidayat,45,BRCH002,Kedai Kopi Senayan,KOA0103,Jakarta,MENU008,Americano,KTG0205,Kopi,2,20000,5,1.5,PAY0711,Kartu Kredit,38000
TRX0098,TGL0773,12/14/2024,CNA0169,Hana Permata,53,BRCH003,Kedai Kopi Tunjungan,KOA0104,Surabaya,MENU004,Matcha Latte,KTG0207,Non-Kopi,3,28000,0,4.4,PAY0710,Cash,84000
TRX0973,TGL0773,12/14/2024,CNA0158,Maya Kurniawan,48,BRCH001,Kedai Kopi Dago,KOA0102,Bandung,MENU008,Americano,KTG0205,Kopi,3,20000,20,2.5,PAY0709,QRIS,48000
TRX0765,TGL0773,12/14/2024,CNA0558,Wulan Nugraha,27,BRCH002,Kedai Kopi Senayan,KOA0103,Jakarta,MENU004,Matcha Latte,KTG0207,Non-Kopi,4,28000,0,1.9,PAY0712,Transfer,112000
TRX0688,TGL0774,12/15/2024,CNA0531,Vera Hidayat,45,BRCH003,Kedai Kopi Tunjungan,KOA0104,Surabaya,MENU002,Red Velvet Cake,KTG0206,Makanan,1,30000,0,3.5,PAY0710,Cash,30000
TRX0686,TGL0774,12/15/2024,CNA0113,Wulan Saputra,33,BRCH005,Kedai Kopi Losari,KOA0106,Makassar,MENU006,Sandwich Ayam,KTG0206,Makanan,5,32000,20,2.2,PAY0711,Kartu Kredit,128000
TRX0170,TGL0774,12/15/2024,CNA0277,Gita Suryadi,52,BRCH004,Kedai Kopi Merdeka,KOA0105,Medan,MENU008,Americano,KTG0205,Kopi,3,20000,10,4.4,PAY0712,Transfer,54000
TRX0602,TGL0774,12/15/2024,CNA0152,Ulfa Ramadhan,49,BRCH003,Kedai Kopi Tunjungan,KOA0104,Surabaya,MENU005,Croissant,KTG0206,Makanan,2,23000,15,1.4,PAY0710,Cash,39100
TRX0145,TGL0775,12/19/2024,CNA0155,Panji Wardani,18,BRCH003,Kedai Kopi Tunjungan,KOA0104,Surabaya,MENU007,Chocolate Latte,KTG0207,Non-Kopi,1,27000,10,4.4,PAY0709,QRIS,24300
TRX0864,TGL0776,12/21/2024,CNA0109,Agus Lestari,45,BRCH001,Kedai Kopi Dago,KOA0102,Bandung,MENU002,Red Velvet Cake,KTG0206,Makanan,4,30000,0,2.4,PAY0709,QRIS,120000
TRX0226,TGL0777,12/22/2024,CNA0299,Ulfa Lestari,38,BRCH005,Kedai Kopi Losari,KOA0106,Makassar,MENU001,Cappuccino,KTG0205,Kopi,4,25000,15,1.9,PAY0710,Cash,85000
TRX0436,TGL0778,12/23/2024,CNA0280,Ulfa Prasetyo,25,BRCH001,Kedai Kopi Dago,KOA0102,Bandung,MENU007,Chocolate Latte,KTG0207,Non-Kopi,5,27000,0,4.3,PAY0709,QRIS,135000
TRX0933,TGL0779,12/25/2024,CNA0195,Qonaah Firmansyah,42,BRCH002,Kedai Kopi Senayan,KOA0103,Jakarta,MENU007,Chocolate Latte,KTG0207,Non-Kopi,4,27000,15,2.8,PAY0712,Transfer,91800
TRX0568,TGL0779,12/25/2024,CNA0242,Ahmad Lestari,40,BRCH004,Kedai Kopi Merdeka,KOA0105,Medan,MENU003,Kopi Susu Gula Aren,KTG0205,Kopi,1,22000,0,3,PAY0711,Kartu Kredit,22000
TRX0925,TGL0780,12/26/2024,CNA0195,Qonaah Firmansyah,42,BRCH004,Kedai Kopi Merdeka,KOA0105,Medan,MENU006,Sandwich Ayam,KTG0206,Makanan,4,32000,20,1.9,PAY0712,Transfer,102400
TRX0394,TGL0780,12/26/2024,CNA0390,Yudha Rahman,32,BRCH004,Kedai Kopi Merdeka,KOA0105,Medan,MENU006,Sandwich Ayam,KTG0206,Makanan,3,32000,0,2.2,PAY0709,QRIS,96000
TRX0632,TGL0781,12/28/2024,CNA0147,Maya Firmansyah,23,BRCH005,Kedai Kopi Losari,KOA0106,Makassar,MENU004,Matcha Latte,KTG0207,Non-Kopi,4,28000,0,2.4,PAY0711,Kartu Kredit,112000
TRX0854,TGL0781,12/28/2024,CNA0278,Utari Rahman,32,BRCH004,Kedai Kopi Merdeka,KOA0105,Medan,MENU008,Americano,KTG0205,Kopi,3,20000,20,4.9,PAY0709,QRIS,48000
TRX0070,TGL0782,12/30/2024,CNA0232,Yudha Ramadhan,17,BRCH003,Kedai Kopi Tunjungan,KOA0104,Surabaya,MENU002,Red Velvet Cake,KTG0206,Makanan,5,30000,0,1.5,PAY0710,Cash,150000
TRX0365,TGL0782,12/30/2024,CNA0157,Teguh Wardani,29,BRCH001,Kedai Kopi Dago,KOA0102,Bandung,MENU002,Red Velvet Cake,KTG0206,Makanan,5,30000,0,3.9,PAY0709,QRIS,150000
TRX0624,TGL0782,12/30/2024,CNA0318,Fitri Susanto,27,BRCH003,Kedai Kopi Tunjungan,KOA0104,Surabaya,MENU008,Americano,KTG0205,Kopi,2,20000,0,4.7,PAY0712,Transfer,40000
TRX0319,TGL0783,1/1/2025,CNA0223,Kartika Nugraha,18,BRCH003,Kedai Kopi Tunjungan,KOA0104,Surabaya,MENU010,Espresso,KTG0205,Kopi,3,18000,10,1.5,PAY0711,Kartu Kredit,48600
TRX0665,TGL0784,1/3/2025,CNA0199,Dian Permata,24,BRCH005,Kedai Kopi Losari,KOA0106,Makassar,MENU007,Chocolate Latte,KTG0207,Non-Kopi,3,27000,20,2.6,PAY0711,Kartu Kredit,64800
TRX0294,TGL0784,1/3/2025,CNA0181,Umar Santoso,43,BRCH002,Kedai Kopi Senayan,KOA0103,Jakarta,MENU004,Matcha Latte,KTG0207,Non-Kopi,5,28000,15,4.3,PAY0711,Kartu Kredit,119000
TRX0402,TGL0784,1/3/2025,CNA0560,Zaki Wijaya,41,BRCH005,Kedai Kopi Losari,KOA0106,Makassar,MENU001,Cappuccino,KTG0205,Kopi,2,25000,20,1.1,PAY0710,Cash,40000
TRX0174,TGL0785,1/4/2025,CNA0219,Xena Iskandar,23,BRCH002,Kedai Kopi Senayan,KOA0103,Jakarta,MENU003,Kopi Susu Gula Aren,KTG0205,Kopi,1,22000,5,4.2,PAY0710,Cash,20900
TRX0886,TGL0786,1/5/2025,CNA0113,Wulan Saputra,33,BRCH004,Kedai Kopi Merdeka,KOA0105,Medan,MENU006,Sandwich Ayam,KTG0206,Makanan,4,32000,10,1.1,PAY0712,Transfer,115200
TRX0953,TGL0786,1/5/2025,CNA0297,Ilham Susanto,28,BRCH003,Kedai Kopi Tunjungan,KOA0104,Surabaya,MENU010,Espresso,KTG0205,Kopi,5,18000,0,4.8,PAY0712,Transfer,90000
TRX0439,TGL0787,1/7/2025,CNA0105,Hana Salsabila,53,BRCH002,Kedai Kopi Senayan,KOA0103,Jakarta,MENU006,Sandwich Ayam,KTG0206,Makanan,1,32000,15,1.6,PAY0709,QRIS,27200
TRX0093,TGL0787,1/7/2025,CNA0153,Teguh Salsabila,20,BRCH003,Kedai Kopi Tunjungan,KOA0104,Surabaya,MENU009,Kentang Goreng,KTG0206,Makanan,4,18000,5,2.2,PAY0709,QRIS,68400
TRX0429,TGL0787,1/7/2025,CNA0138,Dian Puspita,53,BRCH005,Kedai Kopi Losari,KOA0106,Makassar,MENU001,Cappuccino,KTG0205,Kopi,3,25000,0,3.3,PAY0710,Cash,75000
TRX0566,TGL0788,1/8/2025,CNA0152,Ulfa Ramadhan,49,BRCH005,Kedai Kopi Losari,KOA0106,Makassar,MENU003,Kopi Susu Gula Aren,KTG0205,Kopi,4,22000,0,3.3,PAY0710,Cash,88000
TRX0470,TGL0788,1/8/2025,CNA0278,Utari Rahman,32,BRCH003,Kedai Kopi Tunjungan,KOA0104,Surabaya,MENU002,Red Velvet Cake,KTG0206,Makanan,3,30000,5,2.7,PAY0710,Cash,85500
TRX0065,TGL0789,1/9/2025,CNA0174,Candra Wijaya,48,BRCH003,Kedai Kopi Tunjungan,KOA0104,Surabaya,MENU003,Kopi Susu Gula Aren,KTG0205,Kopi,5,22000,20,3.8,PAY0711,Kartu Kredit,88000
TRX0756,TGL0790,1/10/2025,CNA0126,Sinta Iskandar,30,BRCH003,Kedai Kopi Tunjungan,KOA0104,Surabaya,MENU008,Americano,KTG0205,Kopi,3,20000,15,3.9,PAY0711,Kartu Kredit,51000
TRX0278,TGL0790,1/10/2025,CNA0130,Zainal Handoko,33,BRCH001,Kedai Kopi Dago,KOA0102,Bandung,MENU002,Red Velvet Cake,KTG0206,Makanan,1,30000,0,2.8,PAY0710,Cash,30000
TRX0676,TGL0791,1/11/2025,CNA0191,Erna Kusuma,41,BRCH003,Kedai Kopi Tunjungan,KOA0104,Surabaya,MENU001,Cappuccino,KTG0205,Kopi,1,25000,15,4.9,PAY0711,Kartu Kredit,21250
TRX0870,TGL0792,1/12/2025,CNA0641,Panji Lestari,41,BRCH002,Kedai Kopi Senayan,KOA0103,Jakarta,MENU003,Kopi Susu Gula Aren,KTG0205,Kopi,1,22000,15,4.6,PAY0711,Kartu Kredit,18700
TRX0772,TGL0793,1/13/2025,CNA0453,Sinta Pratama,44,BRCH002,Kedai Kopi Senayan,KOA0103,Jakarta,MENU009,Kentang Goreng,KTG0206,Makanan,3,18000,0,1.6,PAY0711,Kartu Kredit,54000
TRX0246,TGL0794,1/14/2025,CNA0453,Sinta Pratama,44,BRCH003,Kedai Kopi Tunjungan,KOA0104,Surabaya,MENU005,Croissant,KTG0206,Makanan,3,23000,0,1.5,PAY0709,QRIS,69000
TRX0967,TGL0794,1/14/2025,CNA0140,Tono Amelia,43,BRCH002,Kedai Kopi Senayan,KOA0103,Jakarta,MENU010,Espresso,KTG0205,Kopi,4,18000,0,4.2,PAY0711,Kartu Kredit,72000
TRX0316,TGL0795,1/18/2025,CNA0106,Indah Rahman,30,BRCH005,Kedai Kopi Losari,KOA0106,Makassar,MENU009,Kentang Goreng,KTG0206,Makanan,5,18000,20,2.4,PAY0709,QRIS,72000
TRX0485,TGL0796,1/19/2025,CNA0646,Ovi Wardani,27,BRCH001,Kedai Kopi Dago,KOA0102,Bandung,MENU004,Matcha Latte,KTG0207,Non-Kopi,4,28000,0,1,PAY0711,Kartu Kredit,112000
TRX0123,TGL0797,1/20/2025,CNA0104,Nur Kusuma,41,BRCH002,Kedai Kopi Senayan,KOA0103,Jakarta,MENU004,Matcha Latte,KTG0207,Non-Kopi,3,28000,20,2.5,PAY0710,Cash,67200
TRX0623,TGL0797,1/20/2025,CNA0265,Yusuf Ramadhan,42,BRCH001,Kedai Kopi Dago,KOA0102,Bandung,MENU006,Sandwich Ayam,KTG0206,Makanan,1,32000,15,2.4,PAY0710,Cash,27200
TRX0901,TGL0797,1/20/2025,CNA0303,Sari Santoso,44,BRCH002,Kedai Kopi Senayan,KOA0103,Jakarta,MENU009,Kentang Goreng,KTG0206,Makanan,2,18000,5,2.4,PAY0711,Kartu Kredit,34200
TRX0396,TGL0798,1/21/2025,CNA0453,Sinta Pratama,44,BRCH003,Kedai Kopi Tunjungan,KOA0104,Surabaya,MENU005,Croissant,KTG0206,Makanan,3,23000,0,3.7,PAY0712,Transfer,69000
TRX0523,TGL0799,1/23/2025,CNA0211,Puti Saputra,49,BRCH005,Kedai Kopi Losari,KOA0106,Makassar,MENU003,Kopi Susu Gula Aren,KTG0205,Kopi,4,22000,15,3.3,PAY0709,QRIS,74800
TRX0460,TGL0800,1/24/2025,CNA0101,Anisa Wirawan,27,BRCH003,Kedai Kopi Tunjungan,KOA0104,Surabaya,MENU009,Kentang Goreng,KTG0206,Makanan,5,18000,0,2,PAY0709,QRIS,90000
TRX0801,TGL0801,1/25/2025,CNA0278,Utari Rahman,32,BRCH004,Kedai Kopi Merdeka,KOA0105,Medan,MENU004,Matcha Latte,KTG0207,Non-Kopi,3,28000,20,1.7,PAY0709,QRIS,67200
TRX0972,TGL0801,1/25/2025,CNA0654,Laila Suryadi,35,BRCH003,Kedai Kopi Tunjungan,KOA0104,Surabaya,MENU003,Kopi Susu Gula Aren,KTG0205,Kopi,5,22000,10,4.7,PAY0709,QRIS,99000
TRX0711,TGL0802,1/26/2025,CNA0233,Jasmine Permata,18,BRCH003,Kedai Kopi Tunjungan,KOA0104,Surabaya,MENU006,Sandwich Ayam,KTG0206,Makanan,2,32000,10,3.5,PAY0712,Transfer,57600
TRX0056,TGL0802,1/26/2025,CNA0426,Jihan Lestari,38,BRCH002,Kedai Kopi Senayan,KOA0103,Jakarta,MENU007,Chocolate Latte,KTG0207,Non-Kopi,5,27000,20,1.4,PAY0711,Kartu Kredit,108000
TRX0187,TGL0803,1/27/2025,CNA0205,Miko Rahman,17,BRCH002,Kedai Kopi Senayan,KOA0103,Jakarta,MENU007,Chocolate Latte,KTG0207,Non-Kopi,2,27000,15,1.6,PAY0709,QRIS,45900
TRX0125,TGL0803,1/27/2025,CNA0183,Candra Yulianto,54,BRCH005,Kedai Kopi Losari,KOA0106,Makassar,MENU005,Croissant,KTG0206,Makanan,1,23000,10,3.2,PAY0710,Cash,20700
TRX0355,TGL0803,1/27/2025,CNA0123,Qonaah Kurniawan,31,BRCH004,Kedai Kopi Merdeka,KOA0105,Medan,MENU008,Americano,KTG0205,Kopi,4,20000,0,4.3,PAY0709,QRIS,80000
TRX0654,TGL0804,1/28/2025,CNA0225,Laila Ramadhan,25,BRCH004,Kedai Kopi Merdeka,KOA0105,Medan,MENU009,Kentang Goreng,KTG0206,Makanan,5,18000,0,3.9,PAY0710,Cash,90000
TRX0283,TGL0804,1/28/2025,CNA0174,Candra Wijaya,48,BRCH002,Kedai Kopi Senayan,KOA0103,Jakarta,MENU004,Matcha Latte,KTG0207,Non-Kopi,3,28000,5,3.8,PAY0709,QRIS,79800
TRX0323,TGL0805,1/30/2025,CNA0497,Xena Santoso,25,BRCH001,Kedai Kopi Dago,KOA0102,Bandung,MENU006,Sandwich Ayam,KTG0206,Makanan,3,32000,10,1.3,PAY0710,Cash,86400
TRX0309,TGL0805,1/30/2025,CNA0224,Nanda Amelia,49,BRCH003,Kedai Kopi Tunjungan,KOA0104,Surabaya,MENU004,Matcha Latte,KTG0207,Non-Kopi,4,28000,5,4.3,PAY0709,QRIS,106400
TRX0855,TGL0805,1/30/2025,CNA0333,Utari Lestari,27,BRCH004,Kedai Kopi Merdeka,KOA0105,Medan,MENU004,Matcha Latte,KTG0207,Non-Kopi,2,28000,10,2.4,PAY0710,Cash,50400
TRX0258,TGL0806,1/31/2025,CNA0174,Candra Wijaya,48,BRCH004,Kedai Kopi Merdeka,KOA0105,Medan,MENU007,Chocolate Latte,KTG0207,Non-Kopi,4,27000,0,3.7,PAY0712,Transfer,108000
TRX0304,TGL0806,1/31/2025,CNA0348,Jasmine Puspita,42,BRCH003,Kedai Kopi Tunjungan,KOA0104,Surabaya,MENU003,Kopi Susu Gula Aren,KTG0205,Kopi,1,22000,5,4.9,PAY0709,QRIS,20900
TRX0053,TGL0807,2/1/2025,CNA0217,Zahra Lestari,25,BRCH001,Kedai Kopi Dago,KOA0102,Bandung,MENU005,Croissant,KTG0206,Makanan,4,23000,0,2.1,PAY0710,Cash,92000
TRX0336,TGL0807,2/1/2025,CNA0537,Jihan Wijaya,19,BRCH002,Kedai Kopi Senayan,KOA0103,Jakarta,MENU010,Espresso,KTG0205,Kopi,3,18000,10,4.9,PAY0710,Cash,48600
TRX0140,TGL0808,2/3/2025,CNA0188,Oki Lestari,19,BRCH001,Kedai Kopi Dago,KOA0102,Bandung,MENU006,Sandwich Ayam,KTG0206,Makanan,5,32000,0,4.5,PAY0711,Kartu Kredit,160000
TRX0552,TGL0809,2/4/2025,CNA0670,Sari Lestari,39,BRCH002,Kedai Kopi Senayan,KOA0103,Jakarta,MENU004,Matcha Latte,KTG0207,Non-Kopi,4,28000,0,4.1,PAY0711,Kartu Kredit,112000
TRX0059,TGL0809,2/4/2025,CNA0200,Ahmad Rahman,51,BRCH003,Kedai Kopi Tunjungan,KOA0104,Surabaya,MENU005,Croissant,KTG0206,Makanan,2,23000,20,1.4,PAY0709,QRIS,36800
TRX0524,TGL0809,2/4/2025,CNA0269,Rizky Utami,34,BRCH004,Kedai Kopi Merdeka,KOA0105,Medan,MENU010,Espresso,KTG0205,Kopi,1,18000,15,1,PAY0712,Transfer,15300
TRX0780,TGL0810,2/5/2025,CNA0402,Sinta Firmansyah,19,BRCH005,Kedai Kopi Losari,KOA0106,Makassar,MENU004,Matcha Latte,KTG0207,Non-Kopi,3,28000,20,1.5,PAY0711,Kartu Kredit,67200
TRX0421,TGL0810,2/5/2025,CNA0674,Ovi Iskandar,30,BRCH004,Kedai Kopi Merdeka,KOA0105,Medan,MENU006,Sandwich Ayam,KTG0206,Makanan,5,32000,20,4.5,PAY0709,QRIS,128000
TRX0579,TGL0811,2/6/2025,CNA0381,Jihan Amelia,40,BRCH001,Kedai Kopi Dago,KOA0102,Bandung,MENU008,Americano,KTG0205,Kopi,3,20000,0,2.8,PAY0710,Cash,60000
TRX0028,TGL0812,2/7/2025,CNA0344,Indah Suryadi,43,BRCH001,Kedai Kopi Dago,KOA0102,Bandung,MENU006,Sandwich Ayam,KTG0206,Makanan,3,32000,5,4.4,PAY0712,Transfer,91200
TRX0585,TGL0813,2/8/2025,CNA0208,Ratna Wardani,21,BRCH002,Kedai Kopi Senayan,KOA0103,Jakarta,MENU006,Sandwich Ayam,KTG0206,Makanan,5,32000,20,2.8,PAY0709,QRIS,128000
TRX0486,TGL0813,2/8/2025,CNA0114,Farah Maharani,51,BRCH003,Kedai Kopi Tunjungan,KOA0104,Surabaya,MENU002,Red Velvet Cake,KTG0206,Makanan,4,30000,20,3,PAY0712,Transfer,96000
TRX0879,TGL0813,2/8/2025,CNA0214,Ilham Firmansyah,18,BRCH003,Kedai Kopi Tunjungan,KOA0104,Surabaya,MENU009,Kentang Goreng,KTG0206,Makanan,5,18000,0,3.5,PAY0711,Kartu Kredit,90000
TRX0877,TGL0814,2/10/2025,CNA0670,Sari Lestari,39,BRCH003,Kedai Kopi Tunjungan,KOA0104,Surabaya,MENU009,Kentang Goreng,KTG0206,Makanan,3,18000,0,2.4,PAY0711,Kartu Kredit,54000
TRX0437,TGL0815,2/11/2025,CNA0167,Laila Wardani,38,BRCH003,Kedai Kopi Tunjungan,KOA0104,Surabaya,MENU004,Matcha Latte,KTG0207,Non-Kopi,5,28000,0,2.3,PAY0712,Transfer,140000
TRX0132,TGL0815,2/11/2025,CNA0233,Jasmine Permata,18,BRCH005,Kedai Kopi Losari,KOA0106,Makassar,MENU003,Kopi Susu Gula Aren,KTG0205,Kopi,2,22000,20,2.4,PAY0710,Cash,35200
TRX0403,TGL0816,2/12/2025,CNA0223,Kartika Nugraha,18,BRCH002,Kedai Kopi Senayan,KOA0103,Jakarta,MENU007,Chocolate Latte,KTG0207,Non-Kopi,3,27000,0,2,PAY0712,Transfer,81000
TRX0718,TGL0817,2/13/2025,CNA0170,Yudha Wijaya,18,BRCH002,Kedai Kopi Senayan,KOA0103,Jakarta,MENU007,Chocolate Latte,KTG0207,Non-Kopi,1,27000,10,1.8,PAY0709,QRIS,24300
TRX0774,TGL0817,2/13/2025,CNA0318,Fitri Susanto,27,BRCH005,Kedai Kopi Losari,KOA0106,Makassar,MENU010,Espresso,KTG0205,Kopi,4,18000,20,2.4,PAY0711,Kartu Kredit,57600
TRX0817,TGL0818,2/14/2025,CNA0169,Hana Permata,53,BRCH004,Kedai Kopi Merdeka,KOA0105,Medan,MENU001,Cappuccino,KTG0205,Kopi,4,25000,10,1.7,PAY0709,QRIS,90000
TRX0839,TGL0818,2/14/2025,CNA0318,Fitri Susanto,27,BRCH005,Kedai Kopi Losari,KOA0106,Makassar,MENU004,Matcha Latte,KTG0207,Non-Kopi,2,28000,5,3.1,PAY0710,Cash,53200
TRX0277,TGL0819,2/16/2025,CNA0670,Sari Lestari,39,BRCH003,Kedai Kopi Tunjungan,KOA0104,Surabaya,MENU005,Croissant,KTG0206,Makanan,1,23000,20,3.9,PAY0712,Transfer,18400
TRX0376,TGL0820,2/18/2025,CNA0558,Wulan Nugraha,27,BRCH002,Kedai Kopi Senayan,KOA0103,Jakarta,MENU008,Americano,KTG0205,Kopi,5,20000,0,4.2,PAY0711,Kartu Kredit,100000
TRX0427,TGL0820,2/18/2025,CNA0244,Hadi Ramadhan,39,BRCH003,Kedai Kopi Tunjungan,KOA0104,Surabaya,MENU007,Chocolate Latte,KTG0207,Non-Kopi,1,27000,0,1.5,PAY0712,Transfer,27000
TRX0007,TGL0820,2/18/2025,CNA0255,Citra Prasetyo,30,BRCH005,Kedai Kopi Losari,KOA0106,Makassar,MENU008,Americano,KTG0205,Kopi,1,20000,0,3,PAY0710,Cash,20000
TRX0253,TGL0821,2/20/2025,CNA0138,Dian Puspita,53,BRCH005,Kedai Kopi Losari,KOA0106,Makassar,MENU004,Matcha Latte,KTG0207,Non-Kopi,1,28000,5,3.7,PAY0709,QRIS,26600
TRX0986,TGL0822,2/21/2025,CNA0134,Lutfi Halim,54,BRCH001,Kedai Kopi Dago,KOA0102,Bandung,MENU010,Espresso,KTG0205,Kopi,5,18000,0,3.5,PAY0712,Transfer,90000
TRX0269,TGL0822,2/21/2025,CNA0118,Anisa Salsabila,22,BRCH003,Kedai Kopi Tunjungan,KOA0104,Surabaya,MENU004,Matcha Latte,KTG0207,Non-Kopi,5,28000,20,3,PAY0710,Cash,112000
TRX0904,TGL0822,2/21/2025,CNA0219,Xena Iskandar,23,BRCH003,Kedai Kopi Tunjungan,KOA0104,Surabaya,MENU006,Sandwich Ayam,KTG0206,Makanan,2,32000,0,3.3,PAY0709,QRIS,64000
TRX0749,TGL0823,2/22/2025,CNA0696,Yusuf Susanto,34,BRCH003,Kedai Kopi Tunjungan,KOA0104,Surabaya,MENU007,Chocolate Latte,KTG0207,Non-Kopi,5,27000,0,2.3,PAY0710,Cash,135000
TRX0882,TGL0824,2/23/2025,CNA0124,Ulfa Anggraini,33,BRCH003,Kedai Kopi Tunjungan,KOA0104,Surabaya,MENU006,Sandwich Ayam,KTG0206,Makanan,1,32000,0,1.8,PAY0710,Cash,32000
TRX0279,TGL0824,2/23/2025,CNA0201,Galih Permata,23,BRCH001,Kedai Kopi Dago,KOA0102,Bandung,MENU006,Sandwich Ayam,KTG0206,Makanan,2,32000,20,4.8,PAY0712,Transfer,51200
TRX0812,TGL0824,2/23/2025,CNA0224,Nanda Amelia,49,BRCH003,Kedai Kopi Tunjungan,KOA0104,Surabaya,MENU010,Espresso,KTG0205,Kopi,2,18000,0,4.5,PAY0712,Transfer,36000
TRX0036,TGL0824,2/23/2025,CNA0426,Jihan Lestari,38,BRCH003,Kedai Kopi Tunjungan,KOA0104,Surabaya,MENU003,Kopi Susu Gula Aren,KTG0205,Kopi,5,22000,5,1.3,PAY0709,QRIS,104500
TRX0533,TGL0825,2/25/2025,CNA0411,Erna Ramadhan,52,BRCH003,Kedai Kopi Tunjungan,KOA0104,Surabaya,MENU008,Americano,KTG0205,Kopi,4,20000,10,2.8,PAY0712,Transfer,72000
TRX0361,TGL0825,2/25/2025,CNA0263,Widya Utami,36,BRCH001,Kedai Kopi Dago,KOA0102,Bandung,MENU004,Matcha Latte,KTG0207,Non-Kopi,2,28000,20,1.3,PAY0709,QRIS,44800
TRX0037,TGL0825,2/25/2025,CNA0265,Yusuf Ramadhan,42,BRCH004,Kedai Kopi Merdeka,KOA0105,Medan,MENU008,Americano,KTG0205,Kopi,4,20000,15,2.4,PAY0710,Cash,68000
TRX0787,TGL0825,2/25/2025,CNA0202,Dian Pratama,53,BRCH004,Kedai Kopi Merdeka,KOA0105,Medan,MENU003,Kopi Susu Gula Aren,KTG0205,Kopi,2,22000,10,3,PAY0711,Kartu Kredit,39600
TRX0949,TGL0826,2/27/2025,CNA0130,Zainal Handoko,33,BRCH003,Kedai Kopi Tunjungan,KOA0104,Surabaya,MENU006,Sandwich Ayam,KTG0206,Makanan,3,32000,0,3.5,PAY0710,Cash,96000
TRX0668,TGL0827,2/28/2025,CNA0132,Putri Anggraini,40,BRCH005,Kedai Kopi Losari,KOA0106,Makassar,MENU001,Cappuccino,KTG0205,Kopi,5,25000,20,1.5,PAY0709,QRIS,100000
TRX0249,TGL0828,3/2/2025,CNA0507,Taufik Rahman,24,BRCH003,Kedai Kopi Tunjungan,KOA0104,Surabaya,MENU008,Americano,KTG0205,Kopi,5,20000,0,4,PAY0709,QRIS,100000
TRX0945,TGL0829,3/4/2025,CNA0708,Nanda Kurniawan,24,BRCH001,Kedai Kopi Dago,KOA0102,Bandung,MENU007,Chocolate Latte,KTG0207,Non-Kopi,5,27000,0,2.5,PAY0711,Kartu Kredit,135000
TRX0888,TGL0830,3/6/2025,CNA0177,Oscar Suryadi,38,BRCH004,Kedai Kopi Merdeka,KOA0105,Medan,MENU009,Kentang Goreng,KTG0206,Makanan,4,18000,15,4.8,PAY0711,Kartu Kredit,61200
TRX0220,TGL0831,3/7/2025,CNA0166,Umar Handoko,48,BRCH003,Kedai Kopi Tunjungan,KOA0104,Surabaya,MENU008,Americano,KTG0205,Kopi,5,20000,0,3.5,PAY0712,Transfer,100000
TRX0538,TGL0832,3/10/2025,CNA0136,Ahmad Maharani,31,BRCH001,Kedai Kopi Dago,KOA0102,Bandung,MENU001,Cappuccino,KTG0205,Kopi,2,25000,15,1.2,PAY0711,Kartu Kredit,42500
TRX0713,TGL0832,3/10/2025,CNA0157,Teguh Wardani,29,BRCH002,Kedai Kopi Senayan,KOA0103,Jakarta,MENU006,Sandwich Ayam,KTG0206,Makanan,4,32000,10,2.9,PAY0711,Kartu Kredit,115200
TRX0208,TGL0832,3/10/2025,CNA0133,Salsa Maharani,42,BRCH001,Kedai Kopi Dago,KOA0102,Bandung,MENU007,Chocolate Latte,KTG0207,Non-Kopi,4,27000,0,3,PAY0711,Kartu Kredit,108000
TRX0938,TGL0832,3/10/2025,CNA0174,Candra Wijaya,48,BRCH001,Kedai Kopi Dago,KOA0102,Bandung,MENU008,Americano,KTG0205,Kopi,2,20000,0,2.2,PAY0711,Kartu Kredit,40000
TRX0531,TGL0832,3/10/2025,CNA0185,Gita Kusuma,22,BRCH003,Kedai Kopi Tunjungan,KOA0104,Surabaya,MENU008,Americano,KTG0205,Kopi,5,20000,0,2.8,PAY0710,Cash,100000
TRX0892,TGL0833,3/11/2025,CNA0315,Yusuf Firmansyah,51,BRCH005,Kedai Kopi Losari,KOA0106,Makassar,MENU009,Kentang Goreng,KTG0206,Makanan,5,18000,10,1.8,PAY0711,Kartu Kredit,81000
TRX0678,TGL0834,3/12/2025,CNA0211,Puti Saputra,49,BRCH003,Kedai Kopi Tunjungan,KOA0104,Surabaya,MENU009,Kentang Goreng,KTG0206,Makanan,2,18000,5,2,PAY0711,Kartu Kredit,34200
TRX0491,TGL0834,3/12/2025,CNA0166,Umar Handoko,48,BRCH004,Kedai Kopi Merdeka,KOA0105,Medan,MENU006,Sandwich Ayam,KTG0206,Makanan,4,32000,0,2.8,PAY0709,QRIS,128000
TRX0072,TGL0835,3/13/2025,CNA0287,Cahyo Saputra,31,BRCH002,Kedai Kopi Senayan,KOA0103,Jakarta,MENU005,Croissant,KTG0206,Makanan,2,23000,10,1.7,PAY0710,Cash,41400
TRX0517,TGL0835,3/13/2025,CNA0204,Wahyu Saputra,40,BRCH004,Kedai Kopi Merdeka,KOA0105,Medan,MENU008,Americano,KTG0205,Kopi,4,20000,20,1.4,PAY0712,Transfer,64000
TRX0420,TGL0836,3/16/2025,CNA0183,Candra Yulianto,54,BRCH002,Kedai Kopi Senayan,KOA0103,Jakarta,MENU006,Sandwich Ayam,KTG0206,Makanan,2,32000,15,3.6,PAY0711,Kartu Kredit,54400
TRX0708,TGL0836,3/16/2025,CNA0154,Yoga Amelia,44,BRCH004,Kedai Kopi Merdeka,KOA0105,Medan,MENU010,Espresso,KTG0205,Kopi,3,18000,0,4.2,PAY0711,Kartu Kredit,54000
TRX0815,TGL0836,3/16/2025,CNA0166,Umar Handoko,48,BRCH002,Kedai Kopi Senayan,KOA0103,Jakarta,MENU010,Espresso,KTG0205,Kopi,3,18000,0,3.3,PAY0711,Kartu Kredit,54000
TRX0233,TGL0837,3/17/2025,CNA0130,Zainal Handoko,33,BRCH001,Kedai Kopi Dago,KOA0102,Bandung,MENU002,Red Velvet Cake,KTG0206,Makanan,3,30000,0,1.2,PAY0710,Cash,90000
TRX0976,TGL0838,3/18/2025,CNA0247,Sinta Susanto,19,BRCH003,Kedai Kopi Tunjungan,KOA0104,Surabaya,MENU007,Chocolate Latte,KTG0207,Non-Kopi,4,27000,5,2.2,PAY0709,QRIS,102600
TRX0674,TGL0838,3/18/2025,CNA0185,Gita Kusuma,22,BRCH004,Kedai Kopi Merdeka,KOA0105,Medan,MENU004,Matcha Latte,KTG0207,Non-Kopi,4,28000,15,2.1,PAY0712,Transfer,95200
TRX0161,TGL0839,3/19/2025,CNA0727,Hana Utami,49,BRCH004,Kedai Kopi Merdeka,KOA0105,Medan,MENU004,Matcha Latte,KTG0207,Non-Kopi,4,28000,15,1.4,PAY0709,QRIS,95200
TRX0310,TGL0840,3/20/2025,CNA0136,Ahmad Maharani,31,BRCH003,Kedai Kopi Tunjungan,KOA0104,Surabaya,MENU002,Red Velvet Cake,KTG0206,Makanan,3,30000,20,1,PAY0710,Cash,72000
TRX0377,TGL0840,3/20/2025,CNA0342,Ratna Santoso,35,BRCH001,Kedai Kopi Dago,KOA0102,Bandung,MENU008,Americano,KTG0205,Kopi,2,20000,20,1.1,PAY0710,Cash,32000
TRX0506,TGL0841,3/21/2025,CNA0215,Puti Iskandar,52,BRCH003,Kedai Kopi Tunjungan,KOA0104,Surabaya,MENU008,Americano,KTG0205,Kopi,5,20000,0,1.9,PAY0709,QRIS,100000
TRX0687,TGL0841,3/21/2025,CNA0357,Dewi Kusuma,25,BRCH003,Kedai Kopi Tunjungan,KOA0104,Surabaya,MENU007,Chocolate Latte,KTG0207,Non-Kopi,3,27000,15,4,PAY0710,Cash,68850
TRX0202,TGL0842,3/22/2025,CNA0177,Oscar Suryadi,38,BRCH004,Kedai Kopi Merdeka,KOA0105,Medan,MENU001,Cappuccino,KTG0205,Kopi,1,25000,0,4.2,PAY0709,QRIS,25000
TRX0539,TGL0842,3/22/2025,CNA0185,Gita Kusuma,22,BRCH004,Kedai Kopi Merdeka,KOA0105,Medan,MENU008,Americano,KTG0205,Kopi,1,20000,0,2.8,PAY0709,QRIS,20000
TRX0804,TGL0843,3/23/2025,CNA0115,Gunawan Salsabila,46,BRCH002,Kedai Kopi Senayan,KOA0103,Jakarta,MENU001,Cappuccino,KTG0205,Kopi,3,25000,0,4.2,PAY0711,Kartu Kredit,75000
TRX0507,TGL0844,3/24/2025,CNA0152,Ulfa Ramadhan,49,BRCH005,Kedai Kopi Losari,KOA0106,Makassar,MENU010,Espresso,KTG0205,Kopi,4,18000,0,1.7,PAY0709,QRIS,72000
TRX0464,TGL0845,3/25/2025,CNA0128,Qonaah Utami,36,BRCH005,Kedai Kopi Losari,KOA0106,Makassar,MENU001,Cappuccino,KTG0205,Kopi,3,25000,10,3,PAY0710,Cash,67500
TRX0558,TGL0845,3/25/2025,CNA0168,Salsa Pratama,37,BRCH002,Kedai Kopi Senayan,KOA0103,Jakarta,MENU010,Espresso,KTG0205,Kopi,5,18000,10,4.5,PAY0709,QRIS,81000
TRX0385,TGL0846,3/26/2025,CNA0284,Hana Lestari,21,BRCH002,Kedai Kopi Senayan,KOA0103,Jakarta,MENU004,Matcha Latte,KTG0207,Non-Kopi,3,28000,0,4.5,PAY0710,Cash,84000
TRX0993,TGL0847,3/27/2025,CNA0245,Cahyo Ramadhan,40,BRCH001,Kedai Kopi Dago,KOA0102,Bandung,MENU010,Espresso,KTG0205,Kopi,4,18000,5,3.1,PAY0712,Transfer,68400
TRX0080,TGL0848,3/28/2025,CNA0219,Xena Iskandar,23,BRCH004,Kedai Kopi Merdeka,KOA0105,Medan,MENU007,Chocolate Latte,KTG0207,Non-Kopi,5,27000,0,3.9,PAY0709,QRIS,135000
TRX0019,TGL0848,3/28/2025,CNA0115,Gunawan Salsabila,46,BRCH001,Kedai Kopi Dago,KOA0102,Bandung,MENU007,Chocolate Latte,KTG0207,Non-Kopi,4,27000,10,3.8,PAY0712,Transfer,97200
TRX0216,TGL0848,3/28/2025,CNA0214,Ilham Firmansyah,18,BRCH002,Kedai Kopi Senayan,KOA0103,Jakarta,MENU001,Cappuccino,KTG0205,Kopi,2,25000,15,3,PAY0711,Kartu Kredit,42500
TRX0314,TGL0849,3/30/2025,CNA0494,Kartika Ramadhan,40,BRCH005,Kedai Kopi Losari,KOA0106,Makassar,MENU006,Sandwich Ayam,KTG0206,Makanan,1,32000,20,2.8,PAY0712,Transfer,25600
TRX0393,TGL0850,3/31/2025,CNA0152,Ulfa Ramadhan,49,BRCH004,Kedai Kopi Merdeka,KOA0105,Medan,MENU010,Espresso,KTG0205,Kopi,1,18000,5,1.4,PAY0710,Cash,17100
TRX0284,TGL0851,4/1/2025,CNA0219,Xena Iskandar,23,BRCH003,Kedai Kopi Tunjungan,KOA0104,Surabaya,MENU002,Red Velvet Cake,KTG0206,Makanan,5,30000,0,4.5,PAY0712,Transfer,150000
TRX0501,TGL0851,4/1/2025,CNA0129,Sari Halim,49,BRCH004,Kedai Kopi Merdeka,KOA0105,Medan,MENU004,Matcha Latte,KTG0207,Non-Kopi,4,28000,10,1.7,PAY0712,Transfer,100800
TRX0965,TGL0852,4/2/2025,CNA0295,Vina Maharani,42,BRCH004,Kedai Kopi Merdeka,KOA0105,Medan,MENU003,Kopi Susu Gula Aren,KTG0205,Kopi,3,22000,15,3.1,PAY0712,Transfer,56100
TRX0496,TGL0852,4/2/2025,CNA0748,Widya Rahman,17,BRCH001,Kedai Kopi Dago,KOA0102,Bandung,MENU007,Chocolate Latte,KTG0207,Non-Kopi,5,27000,15,2.7,PAY0709,QRIS,114750
TRX0757,TGL0853,4/3/2025,CNA0268,Gunawan Utami,31,BRCH005,Kedai Kopi Losari,KOA0106,Makassar,MENU007,Chocolate Latte,KTG0207,Non-Kopi,2,27000,0,4.4,PAY0709,QRIS,54000
TRX0063,TGL0854,4/4/2025,CNA0183,Candra Yulianto,54,BRCH001,Kedai Kopi Dago,KOA0102,Bandung,MENU009,Kentang Goreng,KTG0206,Makanan,2,18000,10,1.2,PAY0709,QRIS,32400
TRX0863,TGL0854,4/4/2025,CNA0222,Joko Maharani,34,BRCH002,Kedai Kopi Senayan,KOA0103,Jakarta,MENU006,Sandwich Ayam,KTG0206,Makanan,3,32000,0,4.4,PAY0710,Cash,96000
TRX0480,TGL0855,4/5/2025,CNA0247,Sinta Susanto,19,BRCH005,Kedai Kopi Losari,KOA0106,Makassar,MENU003,Kopi Susu Gula Aren,KTG0205,Kopi,5,22000,20,1.4,PAY0710,Cash,88000
TRX0456,TGL0855,4/5/2025,CNA0169,Hana Permata,53,BRCH001,Kedai Kopi Dago,KOA0102,Bandung,MENU006,Sandwich Ayam,KTG0206,Makanan,3,32000,20,3.6,PAY0709,QRIS,76800
TRX0873,TGL0856,4/6/2025,CNA0180,Joko Santoso,19,BRCH003,Kedai Kopi Tunjungan,KOA0104,Surabaya,MENU003,Kopi Susu Gula Aren,KTG0205,Kopi,4,22000,15,1.1,PAY0709,QRIS,74800
TRX0581,TGL0857,4/10/2025,CNA0130,Zainal Handoko,33,BRCH001,Kedai Kopi Dago,KOA0102,Bandung,MENU005,Croissant,KTG0206,Makanan,3,23000,0,1.5,PAY0709,QRIS,69000
TRX0700,TGL0858,4/12/2025,CNA0108,Jasmine Halim,21,BRCH001,Kedai Kopi Dago,KOA0102,Bandung,MENU006,Sandwich Ayam,KTG0206,Makanan,5,32000,20,3,PAY0712,Transfer,128000
TRX0922,TGL0859,4/13/2025,CNA0727,Hana Utami,49,BRCH004,Kedai Kopi Merdeka,KOA0105,Medan,MENU001,Cappuccino,KTG0205,Kopi,3,25000,20,3.9,PAY0709,QRIS,60000
TRX0997,TGL0859,4/13/2025,CNA0140,Tono Amelia,43,BRCH005,Kedai Kopi Losari,KOA0106,Makassar,MENU004,Matcha Latte,KTG0207,Non-Kopi,1,28000,0,3.8,PAY0710,Cash,28000
TRX0325,TGL0859,4/13/2025,CNA0295,Vina Maharani,42,BRCH004,Kedai Kopi Merdeka,KOA0105,Medan,MENU005,Croissant,KTG0206,Makanan,4,23000,20,1.1,PAY0712,Transfer,73600
TRX0064,TGL0860,4/14/2025,CNA0760,Sinta Saputra,48,BRCH005,Kedai Kopi Losari,KOA0106,Makassar,MENU001,Cappuccino,KTG0205,Kopi,3,25000,0,1.7,PAY0711,Kartu Kredit,75000
TRX0662,TGL0860,4/14/2025,CNA0176,Fajar Puspita,25,BRCH004,Kedai Kopi Merdeka,KOA0105,Medan,MENU002,Red Velvet Cake,KTG0206,Makanan,3,30000,0,3.9,PAY0709,QRIS,90000
TRX0433,TGL0861,4/15/2025,CNA0323,Ahmad Saputra,18,BRCH004,Kedai Kopi Merdeka,KOA0105,Medan,MENU003,Kopi Susu Gula Aren,KTG0205,Kopi,3,22000,20,3.2,PAY0711,Kartu Kredit,52800
TRX0142,TGL0861,4/15/2025,CNA0748,Widya Rahman,17,BRCH003,Kedai Kopi Tunjungan,KOA0104,Surabaya,MENU009,Kentang Goreng,KTG0206,Makanan,4,18000,20,3.1,PAY0711,Kartu Kredit,57600
TRX0005,TGL0862,4/17/2025,CNA0256,Anisa Wijaya,29,BRCH003,Kedai Kopi Tunjungan,KOA0104,Surabaya,MENU006,Sandwich Ayam,KTG0206,Makanan,5,32000,15,3.7,PAY0710,Cash,136000
TRX0043,TGL0862,4/17/2025,CNA0420,Vina Iskandar,44,BRCH003,Kedai Kopi Tunjungan,KOA0104,Surabaya,MENU008,Americano,KTG0205,Kopi,4,20000,20,1.5,PAY0709,QRIS,64000
TRX0646,TGL0863,4/18/2025,CNA0292,Vino Iskandar,18,BRCH003,Kedai Kopi Tunjungan,KOA0104,Surabaya,MENU004,Matcha Latte,KTG0207,Non-Kopi,5,28000,10,4.8,PAY0710,Cash,126000
TRX0184,TGL0863,4/18/2025,CNA0391,Dewi Maharani,44,BRCH005,Kedai Kopi Losari,KOA0106,Makassar,MENU003,Kopi Susu Gula Aren,KTG0205,Kopi,3,22000,0,2.6,PAY0710,Cash,66000
TRX0619,TGL0863,4/18/2025,CNA0104,Nur Kusuma,41,BRCH004,Kedai Kopi Merdeka,KOA0105,Medan,MENU010,Espresso,KTG0205,Kopi,4,18000,0,4.8,PAY0709,QRIS,72000
TRX0219,TGL0863,4/18/2025,CNA0133,Salsa Maharani,42,BRCH003,Kedai Kopi Tunjungan,KOA0104,Surabaya,MENU001,Cappuccino,KTG0205,Kopi,1,25000,0,2.7,PAY0712,Transfer,25000
TRX0903,TGL0864,4/19/2025,CNA0348,Jasmine Puspita,42,BRCH005,Kedai Kopi Losari,KOA0106,Makassar,MENU009,Kentang Goreng,KTG0206,Makanan,1,18000,10,1.3,PAY0712,Transfer,16200
TRX0242,TGL0864,4/19/2025,CNA0138,Dian Puspita,53,BRCH001,Kedai Kopi Dago,KOA0102,Bandung,MENU003,Kopi Susu Gula Aren,KTG0205,Kopi,2,22000,10,3.6,PAY0710,Cash,39600
TRX0392,TGL0865,4/20/2025,CNA0772,Lina Kurniawan,28,BRCH004,Kedai Kopi Merdeka,KOA0105,Medan,MENU002,Red Velvet Cake,KTG0206,Makanan,1,30000,0,2.1,PAY0712,Transfer,30000
TRX0488,TGL0865,4/20/2025,CNA0287,Cahyo Saputra,31,BRCH003,Kedai Kopi Tunjungan,KOA0104,Surabaya,MENU008,Americano,KTG0205,Kopi,5,20000,15,4.5,PAY0710,Cash,85000
TRX0970,TGL0865,4/20/2025,CNA0162,Indah Wijaya,24,BRCH003,Kedai Kopi Tunjungan,KOA0104,Surabaya,MENU003,Kopi Susu Gula Aren,KTG0205,Kopi,4,22000,15,1.2,PAY0709,QRIS,74800
TRX0930,TGL0865,4/20/2025,CNA0278,Utari Rahman,32,BRCH001,Kedai Kopi Dago,KOA0102,Bandung,MENU003,Kopi Susu Gula Aren,KTG0205,Kopi,3,22000,0,4.7,PAY0711,Kartu Kredit,66000
TRX0091,TGL0866,4/21/2025,CNA0284,Hana Lestari,21,BRCH004,Kedai Kopi Merdeka,KOA0105,Medan,MENU010,Espresso,KTG0205,Kopi,1,18000,5,4.6,PAY0712,Transfer,17100
TRX0946,TGL0866,4/21/2025,CNA0124,Ulfa Anggraini,33,BRCH004,Kedai Kopi Merdeka,KOA0105,Medan,MENU003,Kopi Susu Gula Aren,KTG0205,Kopi,3,22000,5,1.1,PAY0712,Transfer,62700
TRX0129,TGL0866,4/21/2025,CNA0674,Ovi Iskandar,30,BRCH002,Kedai Kopi Senayan,KOA0103,Jakarta,MENU010,Espresso,KTG0205,Kopi,1,18000,0,2.6,PAY0709,QRIS,18000
TRX0810,TGL0867,4/22/2025,CNA0108,Jasmine Halim,21,BRCH002,Kedai Kopi Senayan,KOA0103,Jakarta,MENU005,Croissant,KTG0206,Makanan,3,23000,0,4.7,PAY0711,Kartu Kredit,69000
TRX0543,TGL0868,4/25/2025,CNA0174,Candra Wijaya,48,BRCH001,Kedai Kopi Dago,KOA0102,Bandung,MENU010,Espresso,KTG0205,Kopi,2,18000,0,1.7,PAY0712,Transfer,36000
TRX0079,TGL0868,4/25/2025,CNA0269,Rizky Utami,34,BRCH002,Kedai Kopi Senayan,KOA0103,Jakarta,MENU002,Red Velvet Cake,KTG0206,Makanan,3,30000,0,1.5,PAY0712,Transfer,90000
TRX0326,TGL0869,4/28/2025,CNA0301,Qonaah Lestari,29,BRCH001,Kedai Kopi Dago,KOA0102,Bandung,MENU001,Cappuccino,KTG0205,Kopi,4,25000,0,1.8,PAY0709,QRIS,100000
TRX0639,TGL0870,4/29/2025,CNA0111,Gita Santoso,40,BRCH001,Kedai Kopi Dago,KOA0102,Bandung,MENU002,Red Velvet Cake,KTG0206,Makanan,4,30000,5,4.9,PAY0710,Cash,114000
TRX0197,TGL0871,5/2/2025,CNA0113,Wulan Saputra,33,BRCH005,Kedai Kopi Losari,KOA0106,Makassar,MENU001,Cappuccino,KTG0205,Kopi,2,25000,0,1.8,PAY0711,Kartu Kredit,50000
TRX0508,TGL0871,5/2/2025,CNA0204,Wahyu Saputra,40,BRCH001,Kedai Kopi Dago,KOA0102,Bandung,MENU005,Croissant,KTG0206,Makanan,5,23000,15,4.5,PAY0709,QRIS,97750
TRX0122,TGL0872,5/4/2025,CNA0195,Qonaah Firmansyah,42,BRCH003,Kedai Kopi Tunjungan,KOA0104,Surabaya,MENU008,Americano,KTG0205,Kopi,5,20000,20,2.7,PAY0711,Kartu Kredit,80000
TRX0992,TGL0873,5/5/2025,CNA0101,Anisa Wirawan,27,BRCH002,Kedai Kopi Senayan,KOA0103,Jakarta,MENU004,Matcha Latte,KTG0207,Non-Kopi,5,28000,5,1.6,PAY0711,Kartu Kredit,133000
TRX0347,TGL0874,5/6/2025,CNA0289,Galih Firmansyah,42,BRCH002,Kedai Kopi Senayan,KOA0103,Jakarta,MENU006,Sandwich Ayam,KTG0206,Makanan,4,32000,0,4.6,PAY0710,Cash,128000
TRX0275,TGL0875,5/7/2025,CNA0233,Jasmine Permata,18,BRCH005,Kedai Kopi Losari,KOA0106,Makassar,MENU004,Matcha Latte,KTG0207,Non-Kopi,5,28000,10,2.4,PAY0712,Transfer,126000
TRX0364,TGL0876,5/10/2025,CNA0211,Puti Saputra,49,BRCH001,Kedai Kopi Dago,KOA0102,Bandung,MENU006,Sandwich Ayam,KTG0206,Makanan,5,32000,20,2.9,PAY0710,Cash,128000
TRX0240,TGL0877,5/11/2025,CNA0110,Fitri Permata,39,BRCH004,Kedai Kopi Merdeka,KOA0105,Medan,MENU003,Kopi Susu Gula Aren,KTG0205,Kopi,5,22000,10,4,PAY0712,Transfer,99000
TRX0099,TGL0877,5/11/2025,CNA0143,Miko Kusuma,49,BRCH001,Kedai Kopi Dago,KOA0102,Bandung,MENU004,Matcha Latte,KTG0207,Non-Kopi,2,28000,5,1.2,PAY0711,Kartu Kredit,53200
TRX0263,TGL0878,5/13/2025,CNA0145,Qori Pratama,19,BRCH005,Kedai Kopi Losari,KOA0106,Makassar,MENU003,Kopi Susu Gula Aren,KTG0205,Kopi,5,22000,0,2.1,PAY0710,Cash,110000
TRX0367,TGL0879,5/14/2025,CNA0272,Cahyo Salsabila,40,BRCH002,Kedai Kopi Senayan,KOA0103,Jakarta,MENU010,Espresso,KTG0205,Kopi,4,18000,15,2,PAY0710,Cash,61200
TRX0805,TGL0879,5/14/2025,CNA0191,Erna Kusuma,41,BRCH003,Kedai Kopi Tunjungan,KOA0104,Surabaya,MENU009,Kentang Goreng,KTG0206,Makanan,4,18000,0,5,PAY0709,QRIS,72000
TRX0994,TGL0879,5/14/2025,CNA0133,Salsa Maharani,42,BRCH005,Kedai Kopi Losari,KOA0106,Makassar,MENU009,Kentang Goreng,KTG0206,Makanan,1,18000,10,1.1,PAY0709,QRIS,16200
TRX0273,TGL0880,5/15/2025,CNA0215,Puti Iskandar,52,BRCH005,Kedai Kopi Losari,KOA0106,Makassar,MENU007,Chocolate Latte,KTG0207,Non-Kopi,4,27000,10,4.4,PAY0712,Transfer,97200
TRX0914,TGL0880,5/15/2025,CNA0211,Puti Saputra,49,BRCH003,Kedai Kopi Tunjungan,KOA0104,Surabaya,MENU003,Kopi Susu Gula Aren,KTG0205,Kopi,1,22000,5,3,PAY0712,Transfer,20900
TRX0956,TGL0881,5/16/2025,CNA0558,Wulan Nugraha,27,BRCH002,Kedai Kopi Senayan,KOA0103,Jakarta,MENU007,Chocolate Latte,KTG0207,Non-Kopi,2,27000,5,2.9,PAY0712,Transfer,51300
TRX0452,TGL0881,5/16/2025,CNA0112,Zaki Anggraini,22,BRCH004,Kedai Kopi Merdeka,KOA0105,Medan,MENU004,Matcha Latte,KTG0207,Non-Kopi,3,28000,0,4.1,PAY0711,Kartu Kredit,84000
TRX0794,TGL0882,5/17/2025,CNA0531,Vera Hidayat,45,BRCH001,Kedai Kopi Dago,KOA0102,Bandung,MENU007,Chocolate Latte,KTG0207,Non-Kopi,1,27000,20,4.8,PAY0710,Cash,21600
TRX0683,TGL0882,5/17/2025,CNA0381,Jihan Amelia,40,BRCH003,Kedai Kopi Tunjungan,KOA0104,Surabaya,MENU005,Croissant,KTG0206,Makanan,3,23000,0,3.8,PAY0712,Transfer,69000
TRX0706,TGL0883,5/18/2025,CNA0696,Yusuf Susanto,34,BRCH001,Kedai Kopi Dago,KOA0102,Bandung,MENU002,Red Velvet Cake,KTG0206,Makanan,4,30000,0,4.8,PAY0709,QRIS,120000
TRX0055,TGL0883,5/18/2025,CNA0171,Candra Iskandar,43,BRCH003,Kedai Kopi Tunjungan,KOA0104,Surabaya,MENU010,Espresso,KTG0205,Kopi,1,18000,0,1.8,PAY0712,Transfer,18000
TRX0399,TGL0884,5/19/2025,CNA0146,Fitri Anggraini,37,BRCH002,Kedai Kopi Senayan,KOA0103,Jakarta,MENU006,Sandwich Ayam,KTG0206,Makanan,3,32000,10,4.3,PAY0709,QRIS,86400
TRX0635,TGL0885,5/20/2025,CNA0235,Utari Utami,44,BRCH003,Kedai Kopi Tunjungan,KOA0104,Surabaya,MENU001,Cappuccino,KTG0205,Kopi,2,25000,15,1,PAY0709,QRIS,42500
TRX0134,TGL0885,5/20/2025,CNA0185,Gita Kusuma,22,BRCH005,Kedai Kopi Losari,KOA0106,Makassar,MENU003,Kopi Susu Gula Aren,KTG0205,Kopi,4,22000,20,3,PAY0709,QRIS,70400
TRX0318,TGL0885,5/20/2025,CNA0507,Taufik Rahman,24,BRCH003,Kedai Kopi Tunjungan,KOA0104,Surabaya,MENU001,Cappuccino,KTG0205,Kopi,3,25000,20,3.1,PAY0712,Transfer,60000
TRX0633,TGL0886,5/22/2025,CNA0101,Anisa Wirawan,27,BRCH001,Kedai Kopi Dago,KOA0102,Bandung,MENU002,Red Velvet Cake,KTG0206,Makanan,4,30000,0,3.7,PAY0712,Transfer,120000
TRX0401,TGL0886,5/22/2025,CNA0144,Widya Puspita,42,BRCH003,Kedai Kopi Tunjungan,KOA0104,Surabaya,MENU009,Kentang Goreng,KTG0206,Makanan,3,18000,0,4.6,PAY0709,QRIS,54000
TRX0554,TGL0886,5/22/2025,CNA0410,Kurnia Iskandar,18,BRCH003,Kedai Kopi Tunjungan,KOA0104,Surabaya,MENU008,Americano,KTG0205,Kopi,2,20000,15,4.2,PAY0711,Kartu Kredit,34000
TRX0042,TGL0887,5/24/2025,CNA0195,Qonaah Firmansyah,42,BRCH001,Kedai Kopi Dago,KOA0102,Bandung,MENU003,Kopi Susu Gula Aren,KTG0205,Kopi,4,22000,15,4.2,PAY0710,Cash,74800
TRX0484,TGL0888,5/25/2025,CNA0410,Kurnia Iskandar,18,BRCH004,Kedai Kopi Merdeka,KOA0105,Medan,MENU003,Kopi Susu Gula Aren,KTG0205,Kopi,5,22000,15,3.9,PAY0709,QRIS,93500
TRX0732,TGL0888,5/25/2025,CNA0115,Gunawan Salsabila,46,BRCH003,Kedai Kopi Tunjungan,KOA0104,Surabaya,MENU008,Americano,KTG0205,Kopi,4,20000,0,1.2,PAY0709,QRIS,80000
TRX0369,TGL0888,5/25/2025,CNA0263,Widya Utami,36,BRCH002,Kedai Kopi Senayan,KOA0103,Jakarta,MENU006,Sandwich Ayam,KTG0206,Makanan,3,32000,0,4.2,PAY0709,QRIS,96000
TRX0086,TGL0889,5/26/2025,CNA0136,Ahmad Maharani,31,BRCH005,Kedai Kopi Losari,KOA0106,Makassar,MENU010,Espresso,KTG0205,Kopi,4,18000,15,4.4,PAY0712,Transfer,61200
TRX0139,TGL0889,5/26/2025,CNA0177,Oscar Suryadi,38,BRCH004,Kedai Kopi Merdeka,KOA0105,Medan,MENU006,Sandwich Ayam,KTG0206,Makanan,2,32000,10,5,PAY0711,Kartu Kredit,57600
TRX0428,TGL0890,5/27/2025,CNA0325,Candra Salsabila,45,BRCH004,Kedai Kopi Merdeka,KOA0105,Medan,MENU001,Cappuccino,KTG0205,Kopi,1,25000,20,2,PAY0712,Transfer,20000
TRX0586,TGL0890,5/27/2025,CNA0385,Putri Santoso,50,BRCH003,Kedai Kopi Tunjungan,KOA0104,Surabaya,MENU009,Kentang Goreng,KTG0206,Makanan,3,18000,0,3,PAY0712,Transfer,54000
TRX0761,TGL0890,5/27/2025,CNA0350,Cahyo Firmansyah,52,BRCH001,Kedai Kopi Dago,KOA0102,Bandung,MENU005,Croissant,KTG0206,Makanan,1,23000,20,1.7,PAY0711,Kartu Kredit,18400
TRX0191,TGL0890,5/27/2025,CNA0821,Kurnia Lestari,17,BRCH004,Kedai Kopi Merdeka,KOA0105,Medan,MENU009,Kentang Goreng,KTG0206,Makanan,4,18000,15,4.8,PAY0709,QRIS,61200
TRX0082,TGL0891,5/30/2025,CNA0271,Reza Wirawan,48,BRCH003,Kedai Kopi Tunjungan,KOA0104,Surabaya,MENU005,Croissant,KTG0206,Makanan,1,23000,0,2,PAY0712,Transfer,23000
TRX0685,TGL0891,5/30/2025,CNA0291,Vina Suryadi,39,BRCH004,Kedai Kopi Merdeka,KOA0105,Medan,MENU006,Sandwich Ayam,KTG0206,Makanan,1,32000,0,3.8,PAY0709,QRIS,32000
TRX0236,TGL0891,5/30/2025,CNA0106,Indah Rahman,30,BRCH003,Kedai Kopi Tunjungan,KOA0104,Surabaya,MENU001,Cappuccino,KTG0205,Kopi,1,25000,0,2,PAY0712,Transfer,25000
TRX0823,TGL0892,5/31/2025,CNA0268,Gunawan Utami,31,BRCH002,Kedai Kopi Senayan,KOA0103,Jakarta,MENU007,Chocolate Latte,KTG0207,Non-Kopi,5,27000,20,1.9,PAY0711,Kartu Kredit,108000
TRX0358,TGL0892,5/31/2025,CNA0102,Yusuf Kusuma,36,BRCH004,Kedai Kopi Merdeka,KOA0105,Medan,MENU003,Kopi Susu Gula Aren,KTG0205,Kopi,5,22000,15,3.9,PAY0710,Cash,93500
TRX0670,TGL0893,6/1/2025,CNA0117,Oscar Hidayat,53,BRCH004,Kedai Kopi Merdeka,KOA0105,Medan,MENU007,Chocolate Latte,KTG0207,Non-Kopi,4,27000,20,1.4,PAY0712,Transfer,86400
TRX0487,TGL0893,6/1/2025,CNA0167,Laila Wardani,38,BRCH002,Kedai Kopi Senayan,KOA0103,Jakarta,MENU008,Americano,KTG0205,Kopi,5,20000,20,1.6,PAY0711,Kartu Kredit,80000
TRX0094,TGL0893,6/1/2025,CNA0310,Rizky Wardani,22,BRCH003,Kedai Kopi Tunjungan,KOA0104,Surabaya,MENU005,Croissant,KTG0206,Makanan,1,23000,0,3.9,PAY0709,QRIS,23000
TRX0350,TGL0894,6/2/2025,CNA0124,Ulfa Anggraini,33,BRCH004,Kedai Kopi Merdeka,KOA0105,Medan,MENU008,Americano,KTG0205,Kopi,3,20000,10,2,PAY0710,Cash,54000
TRX0567,TGL0895,6/3/2025,CNA0176,Fajar Puspita,25,BRCH005,Kedai Kopi Losari,KOA0106,Makassar,MENU002,Red Velvet Cake,KTG0206,Makanan,1,30000,0,3,PAY0711,Kartu Kredit,30000
TRX0228,TGL0896,6/5/2025,CNA0170,Yudha Wijaya,18,BRCH004,Kedai Kopi Merdeka,KOA0105,Medan,MENU003,Kopi Susu Gula Aren,KTG0205,Kopi,3,22000,0,2.6,PAY0710,Cash,66000
TRX0822,TGL0896,6/5/2025,CNA0494,Kartika Ramadhan,40,BRCH002,Kedai Kopi Senayan,KOA0103,Jakarta,MENU005,Croissant,KTG0206,Makanan,4,23000,0,3.7,PAY0709,QRIS,92000
TRX0589,TGL0897,6/7/2025,CNA0342,Ratna Santoso,35,BRCH003,Kedai Kopi Tunjungan,KOA0104,Surabaya,MENU009,Kentang Goreng,KTG0206,Makanan,2,18000,5,4.4,PAY0712,Transfer,34200
TRX0133,TGL0898,6/8/2025,CNA0191,Erna Kusuma,41,BRCH001,Kedai Kopi Dago,KOA0102,Bandung,MENU005,Croissant,KTG0206,Makanan,3,23000,0,3.6,PAY0712,Transfer,69000
TRX0296,TGL0898,6/8/2025,CNA0284,Hana Lestari,21,BRCH002,Kedai Kopi Senayan,KOA0103,Jakarta,MENU005,Croissant,KTG0206,Makanan,5,23000,0,2.6,PAY0712,Transfer,115000
TRX0650,TGL0898,6/8/2025,CNA0140,Tono Amelia,43,BRCH004,Kedai Kopi Merdeka,KOA0105,Medan,MENU001,Cappuccino,KTG0205,Kopi,4,25000,0,2.3,PAY0709,QRIS,100000
TRX0425,TGL0899,6/9/2025,CNA0201,Galih Permata,23,BRCH004,Kedai Kopi Merdeka,KOA0105,Medan,MENU007,Chocolate Latte,KTG0207,Non-Kopi,1,27000,5,3.6,PAY0710,Cash,25650
TRX0618,TGL0899,6/9/2025,CNA0212,Novi Saputra,39,BRCH002,Kedai Kopi Senayan,KOA0103,Jakarta,MENU001,Cappuccino,KTG0205,Kopi,2,25000,0,4.1,PAY0711,Kartu Kredit,50000
TRX0784,TGL0899,6/9/2025,CNA0646,Ovi Wardani,27,BRCH003,Kedai Kopi Tunjungan,KOA0104,Surabaya,MENU007,Chocolate Latte,KTG0207,Non-Kopi,4,27000,0,4.4,PAY0712,Transfer,108000
TRX0626,TGL0899,6/9/2025,CNA0494,Kartika Ramadhan,40,BRCH001,Kedai Kopi Dago,KOA0102,Bandung,MENU005,Croissant,KTG0206,Makanan,2,23000,0,3.6,PAY0712,Transfer,46000
TRX0906,TGL0900,6/12/2025,CNA0145,Qori Pratama,19,BRCH003,Kedai Kopi Tunjungan,KOA0104,Surabaya,MENU010,Espresso,KTG0205,Kopi,2,18000,0,4,PAY0710,Cash,36000
TRX0382,TGL0901,6/14/2025,CNA0151,Erna Maharani,20,BRCH005,Kedai Kopi Losari,KOA0106,Makassar,MENU005,Croissant,KTG0206,Makanan,2,23000,5,4.5,PAY0710,Cash,43700
TRX0419,TGL0902,6/15/2025,CNA0319,Ulfa Rahman,31,BRCH003,Kedai Kopi Tunjungan,KOA0104,Surabaya,MENU004,Matcha Latte,KTG0207,Non-Kopi,4,28000,10,3.8,PAY0711,Kartu Kredit,100800
TRX0722,TGL0902,6/15/2025,CNA0344,Indah Suryadi,43,BRCH005,Kedai Kopi Losari,KOA0106,Makassar,MENU009,Kentang Goreng,KTG0206,Makanan,4,18000,10,3.3,PAY0711,Kartu Kredit,64800
TRX0584,TGL0903,6/17/2025,CNA0348,Jasmine Puspita,42,BRCH004,Kedai Kopi Merdeka,KOA0105,Medan,MENU010,Espresso,KTG0205,Kopi,3,18000,0,4.9,PAY0709,QRIS,54000
TRX0898,TGL0904,6/20/2025,CNA0847,Kartika Wirawan,51,BRCH004,Kedai Kopi Merdeka,KOA0105,Medan,MENU008,Americano,KTG0205,Kopi,4,20000,0,4.9,PAY0711,Kartu Kredit,80000
TRX0648,TGL0904,6/20/2025,CNA0103,Nanda Nugraha,44,BRCH001,Kedai Kopi Dago,KOA0102,Bandung,MENU009,Kentang Goreng,KTG0206,Makanan,2,18000,15,2.8,PAY0709,QRIS,30600
TRX0131,TGL0905,6/21/2025,CNA0420,Vina Iskandar,44,BRCH002,Kedai Kopi Senayan,KOA0103,Jakarta,MENU008,Americano,KTG0205,Kopi,3,20000,15,4.4,PAY0712,Transfer,51000
TRX0449,TGL0906,6/23/2025,CNA0173,Panji Kurniawan,35,BRCH002,Kedai Kopi Senayan,KOA0103,Jakarta,MENU002,Red Velvet Cake,KTG0206,Makanan,2,30000,0,4.8,PAY0711,Kartu Kredit,60000
TRX0545,TGL0907,6/25/2025,CNA0183,Candra Yulianto,54,BRCH001,Kedai Kopi Dago,KOA0102,Bandung,MENU007,Chocolate Latte,KTG0207,Non-Kopi,1,27000,0,3.5,PAY0712,Transfer,27000
TRX0693,TGL0908,6/26/2025,CNA0133,Salsa Maharani,42,BRCH001,Kedai Kopi Dago,KOA0102,Bandung,MENU004,Matcha Latte,KTG0207,Non-Kopi,4,28000,15,3.4,PAY0711,Kartu Kredit,95200
TRX0247,TGL0909,6/28/2025,CNA0853,Sinta Suryadi,32,BRCH003,Kedai Kopi Tunjungan,KOA0104,Surabaya,MENU010,Espresso,KTG0205,Kopi,5,18000,20,2,PAY0712,Transfer,72000
TRX0556,TGL0910,6/29/2025,CNA0205,Miko Rahman,17,BRCH004,Kedai Kopi Merdeka,KOA0105,Medan,MENU001,Cappuccino,KTG0205,Kopi,4,25000,20,4.3,PAY0712,Transfer,80000
TRX0592,TGL0910,6/29/2025,CNA0317,Kurnia Yulianto,31,BRCH001,Kedai Kopi Dago,KOA0102,Bandung,MENU008,Americano,KTG0205,Kopi,2,20000,0,2.9,PAY0711,Kartu Kredit,40000
TRX0458,TGL0911,6/30/2025,CNA0856,Qori Halim,50,BRCH004,Kedai Kopi Merdeka,KOA0105,Medan,MENU002,Red Velvet Cake,KTG0206,Makanan,4,30000,10,2.6,PAY0709,QRIS,108000
TRX0083,TGL0911,6/30/2025,CNA0184,Zaki Santoso,24,BRCH001,Kedai Kopi Dago,KOA0102,Bandung,MENU008,Americano,KTG0205,Kopi,3,20000,20,4.1,PAY0710,Cash,48000
TRX0760,TGL0911,6/30/2025,CNA0187,Putri Salsabila,49,BRCH005,Kedai Kopi Losari,KOA0106,Makassar,MENU009,Kentang Goreng,KTG0206,Makanan,4,18000,15,1.9,PAY0709,QRIS,61200
TRX0288,TGL0912,7/1/2025,CNA0205,Miko Rahman,17,BRCH001,Kedai Kopi Dago,KOA0102,Bandung,MENU001,Cappuccino,KTG0205,Kopi,5,25000,20,1.1,PAY0711,Kartu Kredit,100000
TRX0696,TGL0912,7/1/2025,CNA0390,Yudha Rahman,32,BRCH005,Kedai Kopi Losari,KOA0106,Makassar,MENU008,Americano,KTG0205,Kopi,1,20000,20,1.3,PAY0709,QRIS,16000
TRX0814,TGL0913,7/3/2025,CNA0708,Nanda Kurniawan,24,BRCH002,Kedai Kopi Senayan,KOA0103,Jakarta,MENU003,Kopi Susu Gula Aren,KTG0205,Kopi,5,22000,20,1.2,PAY0711,Kartu Kredit,88000
TRX0730,TGL0913,7/3/2025,CNA0162,Indah Wijaya,24,BRCH001,Kedai Kopi Dago,KOA0102,Bandung,MENU006,Sandwich Ayam,KTG0206,Makanan,3,32000,0,4.9,PAY0709,QRIS,96000
TRX0748,TGL0913,7/3/2025,CNA0402,Sinta Firmansyah,19,BRCH002,Kedai Kopi Senayan,KOA0103,Jakarta,MENU006,Sandwich Ayam,KTG0206,Makanan,4,32000,0,4.3,PAY0709,QRIS,128000
TRX0848,TGL0913,7/3/2025,CNA0207,Vera Santoso,50,BRCH004,Kedai Kopi Merdeka,KOA0105,Medan,MENU010,Espresso,KTG0205,Kopi,5,18000,0,4.1,PAY0709,QRIS,90000
TRX0513,TGL0914,7/4/2025,CNA0420,Vina Iskandar,44,BRCH005,Kedai Kopi Losari,KOA0106,Makassar,MENU004,Matcha Latte,KTG0207,Non-Kopi,5,28000,10,4.9,PAY0712,Transfer,126000
TRX0222,TGL0914,7/4/2025,CNA0207,Vera Santoso,50,BRCH001,Kedai Kopi Dago,KOA0102,Bandung,MENU008,Americano,KTG0205,Kopi,2,20000,0,3.5,PAY0712,Transfer,40000
TRX0002,TGL0914,7/4/2025,CNA0312,Zaki Yulianto,49,BRCH005,Kedai Kopi Losari,KOA0106,Makassar,MENU010,Espresso,KTG0205,Kopi,3,18000,0,4.8,PAY0710,Cash,54000
TRX0667,TGL0915,7/7/2025,CNA0171,Candra Iskandar,43,BRCH002,Kedai Kopi Senayan,KOA0103,Jakarta,MENU010,Espresso,KTG0205,Kopi,4,18000,15,2.6,PAY0710,Cash,61200
TRX0803,TGL0915,7/7/2025,CNA0109,Agus Lestari,45,BRCH005,Kedai Kopi Losari,KOA0106,Makassar,MENU008,Americano,KTG0205,Kopi,2,20000,0,2.3,PAY0711,Kartu Kredit,40000
TRX0256,TGL0916,7/9/2025,CNA0180,Joko Santoso,19,BRCH004,Kedai Kopi Merdeka,KOA0105,Medan,MENU008,Americano,KTG0205,Kopi,3,20000,5,4.5,PAY0710,Cash,57000
TRX0407,TGL0916,7/9/2025,CNA0233,Jasmine Permata,18,BRCH002,Kedai Kopi Senayan,KOA0103,Jakarta,MENU003,Kopi Susu Gula Aren,KTG0205,Kopi,1,22000,20,4.2,PAY0712,Transfer,17600
TRX0457,TGL0917,7/11/2025,CNA0186,Taufik Kusuma,53,BRCH002,Kedai Kopi Senayan,KOA0103,Jakarta,MENU003,Kopi Susu Gula Aren,KTG0205,Kopi,2,22000,5,4.1,PAY0711,Kartu Kredit,41800
TRX0725,TGL0918,7/12/2025,CNA0200,Ahmad Rahman,51,BRCH003,Kedai Kopi Tunjungan,KOA0104,Surabaya,MENU004,Matcha Latte,KTG0207,Non-Kopi,1,28000,5,3,PAY0712,Transfer,26600
TRX0195,TGL0919,7/13/2025,CNA0183,Candra Yulianto,54,BRCH002,Kedai Kopi Senayan,KOA0103,Jakarta,MENU001,Cappuccino,KTG0205,Kopi,2,25000,15,2.8,PAY0710,Cash,42500
TRX0934,TGL0920,7/14/2025,CNA0127,Citra Permata,48,BRCH001,Kedai Kopi Dago,KOA0102,Bandung,MENU006,Sandwich Ayam,KTG0206,Makanan,3,32000,5,1.6,PAY0710,Cash,91200
TRX0071,TGL0921,7/16/2025,CNA0208,Ratna Wardani,21,BRCH003,Kedai Kopi Tunjungan,KOA0104,Surabaya,MENU007,Chocolate Latte,KTG0207,Non-Kopi,2,27000,20,3.9,PAY0712,Transfer,43200
TRX0547,TGL0921,7/16/2025,CNA0114,Farah Maharani,51,BRCH005,Kedai Kopi Losari,KOA0106,Makassar,MENU008,Americano,KTG0205,Kopi,5,20000,20,4.6,PAY0709,QRIS,80000
TRX0317,TGL0922,7/17/2025,CNA0184,Zaki Santoso,24,BRCH005,Kedai Kopi Losari,KOA0106,Makassar,MENU010,Espresso,KTG0205,Kopi,4,18000,10,3.8,PAY0709,QRIS,64800
TRX0327,TGL0923,7/18/2025,CNA0748,Widya Rahman,17,BRCH001,Kedai Kopi Dago,KOA0102,Bandung,MENU006,Sandwich Ayam,KTG0206,Makanan,3,32000,20,2.7,PAY0710,Cash,76800
TRX0493,TGL0923,7/18/2025,CNA0385,Putri Santoso,50,BRCH003,Kedai Kopi Tunjungan,KOA0104,Surabaya,MENU003,Kopi Susu Gula Aren,KTG0205,Kopi,3,22000,20,5,PAY0711,Kartu Kredit,52800
TRX0113,TGL0924,7/19/2025,CNA0641,Panji Lestari,41,BRCH003,Kedai Kopi Tunjungan,KOA0104,Surabaya,MENU007,Chocolate Latte,KTG0207,Non-Kopi,3,27000,5,4.4,PAY0710,Cash,76950
TRX0430,TGL0924,7/19/2025,CNA0219,Xena Iskandar,23,BRCH001,Kedai Kopi Dago,KOA0102,Bandung,MENU004,Matcha Latte,KTG0207,Non-Kopi,4,28000,10,3.9,PAY0710,Cash,100800
TRX0885,TGL0925,7/20/2025,CNA0227,Hana Kurniawan,17,BRCH002,Kedai Kopi Senayan,KOA0103,Jakarta,MENU008,Americano,KTG0205,Kopi,2,20000,0,2.4,PAY0710,Cash,40000
TRX0330,TGL0926,7/22/2025,CNA0107,Reza Saputra,19,BRCH004,Kedai Kopi Merdeka,KOA0105,Medan,MENU010,Espresso,KTG0205,Kopi,5,18000,5,2.2,PAY0712,Transfer,85500
TRX0114,TGL0927,7/23/2025,CNA0885,Elang Prasetyo,26,BRCH005,Kedai Kopi Losari,KOA0106,Makassar,MENU010,Espresso,KTG0205,Kopi,1,18000,15,1.5,PAY0710,Cash,15300
TRX0155,TGL0927,7/23/2025,CNA0847,Kartika Wirawan,51,BRCH001,Kedai Kopi Dago,KOA0102,Bandung,MENU008,Americano,KTG0205,Kopi,4,20000,0,3.2,PAY0710,Cash,80000
TRX0014,TGL0928,7/25/2025,CNA0102,Yusuf Kusuma,36,BRCH005,Kedai Kopi Losari,KOA0106,Makassar,MENU002,Red Velvet Cake,KTG0206,Makanan,4,30000,10,1.6,PAY0710,Cash,108000
TRX0165,TGL0928,7/25/2025,CNA0145,Qori Pratama,19,BRCH005,Kedai Kopi Losari,KOA0106,Makassar,MENU010,Espresso,KTG0205,Kopi,1,18000,10,3.1,PAY0711,Kartu Kredit,16200
TRX0764,TGL0928,7/25/2025,CNA0292,Vino Iskandar,18,BRCH001,Kedai Kopi Dago,KOA0102,Bandung,MENU004,Matcha Latte,KTG0207,Non-Kopi,3,28000,15,1.9,PAY0712,Transfer,71400
TRX0605,TGL0929,7/26/2025,CNA0192,Utari Handoko,20,BRCH002,Kedai Kopi Senayan,KOA0103,Jakarta,MENU007,Chocolate Latte,KTG0207,Non-Kopi,1,27000,20,3.1,PAY0709,QRIS,21600
TRX0775,TGL0930,7/27/2025,CNA0164,Bella Pratama,48,BRCH002,Kedai Kopi Senayan,KOA0103,Jakarta,MENU008,Americano,KTG0205,Kopi,1,20000,20,1.7,PAY0710,Cash,16000
TRX0707,TGL0930,7/27/2025,CNA0468,Agus Suryadi,40,BRCH005,Kedai Kopi Losari,KOA0106,Makassar,MENU002,Red Velvet Cake,KTG0206,Makanan,4,30000,10,1.8,PAY0709,QRIS,108000
TRX0150,TGL0931,7/28/2025,CNA0207,Vera Santoso,50,BRCH001,Kedai Kopi Dago,KOA0102,Bandung,MENU010,Espresso,KTG0205,Kopi,4,18000,10,1.7,PAY0712,Transfer,64800
TRX0896,TGL0931,7/28/2025,CNA0140,Tono Amelia,43,BRCH003,Kedai Kopi Tunjungan,KOA0104,Surabaya,MENU009,Kentang Goreng,KTG0206,Makanan,2,18000,0,4.5,PAY0712,Transfer,36000
TRX0789,TGL0931,7/28/2025,CNA0885,Elang Prasetyo,26,BRCH004,Kedai Kopi Merdeka,KOA0105,Medan,MENU001,Cappuccino,KTG0205,Kopi,3,25000,20,1.3,PAY0712,Transfer,60000
TRX0252,TGL0932,7/30/2025,CNA0202,Dian Pratama,53,BRCH003,Kedai Kopi Tunjungan,KOA0104,Surabaya,MENU010,Espresso,KTG0205,Kopi,2,18000,0,2.5,PAY0710,Cash,36000
TRX0529,TGL0933,7/31/2025,CNA0112,Zaki Anggraini,22,BRCH002,Kedai Kopi Senayan,KOA0103,Jakarta,MENU007,Chocolate Latte,KTG0207,Non-Kopi,4,27000,10,3.2,PAY0710,Cash,97200
TRX0800,TGL0934,8/1/2025,CNA0224,Nanda Amelia,49,BRCH003,Kedai Kopi Tunjungan,KOA0104,Surabaya,MENU010,Espresso,KTG0205,Kopi,4,18000,0,1,PAY0712,Transfer,72000
TRX0981,TGL0934,8/1/2025,CNA0232,Yudha Ramadhan,17,BRCH002,Kedai Kopi Senayan,KOA0103,Jakarta,MENU010,Espresso,KTG0205,Kopi,5,18000,0,4.9,PAY0711,Kartu Kredit,90000
TRX0653,TGL0935,8/2/2025,CNA0136,Ahmad Maharani,31,BRCH001,Kedai Kopi Dago,KOA0102,Bandung,MENU002,Red Velvet Cake,KTG0206,Makanan,4,30000,0,1.1,PAY0710,Cash,120000
TRX0052,TGL0935,8/2/2025,CNA0280,Ulfa Prasetyo,25,BRCH005,Kedai Kopi Losari,KOA0106,Makassar,MENU010,Espresso,KTG0205,Kopi,1,18000,20,2.2,PAY0710,Cash,14400
TRX0203,TGL0936,8/3/2025,CNA0185,Gita Kusuma,22,BRCH003,Kedai Kopi Tunjungan,KOA0104,Surabaya,MENU009,Kentang Goreng,KTG0206,Makanan,2,18000,0,2.3,PAY0710,Cash,36000
TRX0752,TGL0936,8/3/2025,CNA0173,Panji Kurniawan,35,BRCH003,Kedai Kopi Tunjungan,KOA0104,Surabaya,MENU005,Croissant,KTG0206,Makanan,3,23000,0,3.1,PAY0712,Transfer,69000
TRX0682,TGL0937,8/4/2025,CNA0904,Teguh Setiawan,46,BRCH002,Kedai Kopi Senayan,KOA0103,Jakarta,MENU003,Kopi Susu Gula Aren,KTG0205,Kopi,4,22000,0,4.6,PAY0709,QRIS,88000
TRX0034,TGL0938,8/9/2025,CNA0202,Dian Pratama,53,BRCH001,Kedai Kopi Dago,KOA0102,Bandung,MENU001,Cappuccino,KTG0205,Kopi,3,25000,5,1.8,PAY0709,QRIS,71250
TRX0759,TGL0939,8/10/2025,CNA0146,Fitri Anggraini,37,BRCH001,Kedai Kopi Dago,KOA0102,Bandung,MENU003,Kopi Susu Gula Aren,KTG0205,Kopi,5,22000,0,1.3,PAY0710,Cash,110000
TRX0344,TGL0939,8/10/2025,CNA0187,Putri Salsabila,49,BRCH003,Kedai Kopi Tunjungan,KOA0104,Surabaya,MENU003,Kopi Susu Gula Aren,KTG0205,Kopi,4,22000,0,4.7,PAY0712,Transfer,88000
TRX0952,TGL0940,8/12/2025,CNA0164,Bella Pratama,48,BRCH003,Kedai Kopi Tunjungan,KOA0104,Surabaya,MENU009,Kentang Goreng,KTG0206,Makanan,2,18000,20,2.2,PAY0709,QRIS,28800
TRX0461,TGL0941,8/16/2025,CNA0169,Hana Permata,53,BRCH004,Kedai Kopi Merdeka,KOA0105,Medan,MENU002,Red Velvet Cake,KTG0206,Makanan,4,30000,20,2.5,PAY0712,Transfer,96000
TRX0666,TGL0942,8/17/2025,CNA0127,Citra Permata,48,BRCH003,Kedai Kopi Tunjungan,KOA0104,Surabaya,MENU010,Espresso,KTG0205,Kopi,5,18000,0,4.8,PAY0711,Kartu Kredit,90000
TRX0301,TGL0943,8/18/2025,CNA0212,Novi Saputra,39,BRCH002,Kedai Kopi Senayan,KOA0103,Jakarta,MENU008,Americano,KTG0205,Kopi,5,20000,10,1.7,PAY0709,QRIS,90000
TRX0743,TGL0943,8/18/2025,CNA0410,Kurnia Iskandar,18,BRCH005,Kedai Kopi Losari,KOA0106,Makassar,MENU001,Cappuccino,KTG0205,Kopi,5,25000,5,3.7,PAY0711,Kartu Kredit,118750
TRX0821,TGL0944,8/20/2025,CNA0164,Bella Pratama,48,BRCH005,Kedai Kopi Losari,KOA0106,Makassar,MENU006,Sandwich Ayam,KTG0206,Makanan,3,32000,20,2.7,PAY0709,QRIS,76800
TRX0777,TGL0945,8/23/2025,CNA0513,Maya Salsabila,52,BRCH005,Kedai Kopi Losari,KOA0106,Makassar,MENU008,Americano,KTG0205,Kopi,4,20000,0,2.9,PAY0709,QRIS,80000
TRX0196,TGL0945,8/23/2025,CNA0292,Vino Iskandar,18,BRCH004,Kedai Kopi Merdeka,KOA0105,Medan,MENU003,Kopi Susu Gula Aren,KTG0205,Kopi,2,22000,0,4.4,PAY0711,Kartu Kredit,44000
TRX0899,TGL0946,8/24/2025,CNA0262,Kevin Saputra,30,BRCH004,Kedai Kopi Merdeka,KOA0105,Medan,MENU006,Sandwich Ayam,KTG0206,Makanan,3,32000,0,2.5,PAY0710,Cash,96000
TRX0268,TGL0946,8/24/2025,CNA0159,Dewi Pratama,17,BRCH003,Kedai Kopi Tunjungan,KOA0104,Surabaya,MENU007,Chocolate Latte,KTG0207,Non-Kopi,2,27000,0,4.2,PAY0712,Transfer,54000
TRX0869,TGL0947,8/26/2025,CNA0151,Erna Maharani,20,BRCH003,Kedai Kopi Tunjungan,KOA0104,Surabaya,MENU003,Kopi Susu Gula Aren,KTG0205,Kopi,3,22000,10,2,PAY0709,QRIS,59400
TRX0582,TGL0947,8/26/2025,CNA0223,Kartika Nugraha,18,BRCH005,Kedai Kopi Losari,KOA0106,Makassar,MENU001,Cappuccino,KTG0205,Kopi,2,25000,0,2.5,PAY0711,Kartu Kredit,50000
TRX0984,TGL0947,8/26/2025,CNA0171,Candra Iskandar,43,BRCH003,Kedai Kopi Tunjungan,KOA0104,Surabaya,MENU004,Matcha Latte,KTG0207,Non-Kopi,1,28000,20,4,PAY0709,QRIS,22400
TRX0181,TGL0947,8/26/2025,CNA0468,Agus Suryadi,40,BRCH003,Kedai Kopi Tunjungan,KOA0104,Surabaya,MENU002,Red Velvet Cake,KTG0206,Makanan,4,30000,0,4.4,PAY0710,Cash,120000
TRX0267,TGL0948,8/27/2025,CNA0654,Laila Suryadi,35,BRCH002,Kedai Kopi Senayan,KOA0103,Jakarta,MENU004,Matcha Latte,KTG0207,Non-Kopi,1,28000,5,1.5,PAY0710,Cash,26600
TRX0750,TGL0949,8/28/2025,CNA0244,Hadi Ramadhan,39,BRCH004,Kedai Kopi Merdeka,KOA0105,Medan,MENU010,Espresso,KTG0205,Kopi,5,18000,0,3.3,PAY0710,Cash,90000
TRX0705,TGL0949,8/28/2025,CNA0177,Oscar Suryadi,38,BRCH001,Kedai Kopi Dago,KOA0102,Bandung,MENU006,Sandwich Ayam,KTG0206,Makanan,1,32000,0,1.1,PAY0711,Kartu Kredit,32000
TRX0260,TGL0950,8/29/2025,CNA0173,Panji Kurniawan,35,BRCH003,Kedai Kopi Tunjungan,KOA0104,Surabaya,MENU001,Cappuccino,KTG0205,Kopi,2,25000,20,2.4,PAY0709,QRIS,40000
TRX0689,TGL0950,8/29/2025,CNA0252,Novi Iskandar,43,BRCH002,Kedai Kopi Senayan,KOA0103,Jakarta,MENU003,Kopi Susu Gula Aren,KTG0205,Kopi,4,22000,20,1.3,PAY0710,Cash,70400
TRX0102,TGL0950,8/29/2025,CNA0242,Ahmad Lestari,40,BRCH004,Kedai Kopi Merdeka,KOA0105,Medan,MENU006,Sandwich Ayam,KTG0206,Makanan,1,32000,0,1.3,PAY0712,Transfer,32000
TRX0234,TGL0951,8/30/2025,CNA0169,Hana Permata,53,BRCH004,Kedai Kopi Merdeka,KOA0105,Medan,MENU009,Kentang Goreng,KTG0206,Makanan,2,18000,5,2.4,PAY0709,QRIS,34200
TRX0983,TGL0952,8/31/2025,CNA0138,Dian Puspita,53,BRCH004,Kedai Kopi Merdeka,KOA0105,Medan,MENU005,Croissant,KTG0206,Makanan,3,23000,15,3,PAY0712,Transfer,58650
TRX0077,TGL0952,8/31/2025,CNA0177,Oscar Suryadi,38,BRCH002,Kedai Kopi Senayan,KOA0103,Jakarta,MENU003,Kopi Susu Gula Aren,KTG0205,Kopi,2,22000,10,2.6,PAY0709,QRIS,39600
TRX0481,TGL0953,9/1/2025,CNA0217,Zahra Lestari,25,BRCH005,Kedai Kopi Losari,KOA0106,Makassar,MENU005,Croissant,KTG0206,Makanan,4,23000,0,3.9,PAY0711,Kartu Kredit,92000
TRX0009,TGL0954,9/2/2025,CNA0390,Yudha Rahman,32,BRCH004,Kedai Kopi Merdeka,KOA0105,Medan,MENU007,Chocolate Latte,KTG0207,Non-Kopi,3,27000,0,1.2,PAY0709,QRIS,81000
TRX0223,TGL0955,9/3/2025,CNA0144,Widya Puspita,42,BRCH003,Kedai Kopi Tunjungan,KOA0104,Surabaya,MENU008,Americano,KTG0205,Kopi,5,20000,20,4.7,PAY0712,Transfer,80000
TRX0308,TGL0955,9/3/2025,CNA0344,Indah Suryadi,43,BRCH004,Kedai Kopi Merdeka,KOA0105,Medan,MENU002,Red Velvet Cake,KTG0206,Makanan,2,30000,0,2.5,PAY0711,Kartu Kredit,60000
TRX0162,TGL0956,9/4/2025,CNA0420,Vina Iskandar,44,BRCH002,Kedai Kopi Senayan,KOA0103,Jakarta,MENU001,Cappuccino,KTG0205,Kopi,1,25000,0,4,PAY0712,Transfer,25000
TRX0669,TGL0956,9/4/2025,CNA0280,Ulfa Prasetyo,25,BRCH003,Kedai Kopi Tunjungan,KOA0104,Surabaya,MENU007,Chocolate Latte,KTG0207,Non-Kopi,3,27000,0,3.1,PAY0712,Transfer,81000
TRX0878,TGL0956,9/4/2025,CNA0104,Nur Kusuma,41,BRCH005,Kedai Kopi Losari,KOA0106,Makassar,MENU005,Croissant,KTG0206,Makanan,4,23000,0,1.7,PAY0712,Transfer,92000
TRX0250,TGL0956,9/4/2025,CNA0271,Reza Wirawan,48,BRCH001,Kedai Kopi Dago,KOA0102,Bandung,MENU005,Croissant,KTG0206,Makanan,1,23000,0,1.9,PAY0712,Transfer,23000
TRX0746,TGL0956,9/4/2025,CNA0131,Hadi Iskandar,45,BRCH003,Kedai Kopi Tunjungan,KOA0104,Surabaya,MENU003,Kopi Susu Gula Aren,KTG0205,Kopi,1,22000,20,2.9,PAY0710,Cash,17600
TRX0858,TGL0957,9/7/2025,CNA0381,Jihan Amelia,40,BRCH003,Kedai Kopi Tunjungan,KOA0104,Surabaya,MENU003,Kopi Susu Gula Aren,KTG0205,Kopi,2,22000,20,1.5,PAY0710,Cash,35200
TRX0861,TGL0957,9/7/2025,CNA0130,Zainal Handoko,33,BRCH003,Kedai Kopi Tunjungan,KOA0104,Surabaya,MENU009,Kentang Goreng,KTG0206,Makanan,3,18000,20,2,PAY0712,Transfer,43200
TRX0795,TGL0957,9/7/2025,CNA0105,Hana Salsabila,53,BRCH005,Kedai Kopi Losari,KOA0106,Makassar,MENU003,Kopi Susu Gula Aren,KTG0205,Kopi,5,22000,15,2,PAY0710,Cash,93500
TRX0783,TGL0957,9/7/2025,CNA0760,Sinta Saputra,48,BRCH003,Kedai Kopi Tunjungan,KOA0104,Surabaya,MENU008,Americano,KTG0205,Kopi,5,20000,20,1.9,PAY0711,Kartu Kredit,80000
TRX0271,TGL0958,9/8/2025,CNA0374,Taufik Handoko,24,BRCH005,Kedai Kopi Losari,KOA0106,Makassar,MENU001,Cappuccino,KTG0205,Kopi,4,25000,0,2.2,PAY0711,Kartu Kredit,100000
TRX0166,TGL0959,9/11/2025,CNA0240,Tono Wirawan,47,BRCH003,Kedai Kopi Tunjungan,KOA0104,Surabaya,MENU003,Kopi Susu Gula Aren,KTG0205,Kopi,4,22000,0,4.4,PAY0709,QRIS,88000
TRX0881,TGL0960,9/13/2025,CNA0497,Xena Santoso,25,BRCH004,Kedai Kopi Merdeka,KOA0105,Medan,MENU008,Americano,KTG0205,Kopi,2,20000,15,4.8,PAY0709,QRIS,34000
TRX0664,TGL0961,9/14/2025,CNA0139,Budi Susanto,51,BRCH003,Kedai Kopi Tunjungan,KOA0104,Surabaya,MENU005,Croissant,KTG0206,Makanan,3,23000,20,1.8,PAY0709,QRIS,55200
TRX0807,TGL0961,9/14/2025,CNA0240,Tono Wirawan,47,BRCH001,Kedai Kopi Dago,KOA0102,Bandung,MENU001,Cappuccino,KTG0205,Kopi,5,25000,20,2.8,PAY0711,Kartu Kredit,100000
TRX0860,TGL0961,9/14/2025,CNA0497,Xena Santoso,25,BRCH004,Kedai Kopi Merdeka,KOA0105,Medan,MENU010,Espresso,KTG0205,Kopi,5,18000,15,2.2,PAY0711,Kartu Kredit,76500
TRX0631,TGL0961,9/14/2025,CNA0121,Tono Maharani,25,BRCH003,Kedai Kopi Tunjungan,KOA0104,Surabaya,MENU009,Kentang Goreng,KTG0206,Makanan,3,18000,20,1.2,PAY0710,Cash,43200
TRX0525,TGL0962,9/15/2025,CNA0318,Fitri Susanto,27,BRCH003,Kedai Kopi Tunjungan,KOA0104,Surabaya,MENU003,Kopi Susu Gula Aren,KTG0205,Kopi,4,22000,0,2,PAY0711,Kartu Kredit,88000
TRX0013,TGL0962,9/15/2025,CNA0277,Gita Suryadi,52,BRCH005,Kedai Kopi Losari,KOA0106,Makassar,MENU006,Sandwich Ayam,KTG0206,Makanan,2,32000,20,2.6,PAY0709,QRIS,51200
TRX0684,TGL0962,9/15/2025,CNA0155,Panji Wardani,18,BRCH004,Kedai Kopi Merdeka,KOA0105,Medan,MENU007,Chocolate Latte,KTG0207,Non-Kopi,3,27000,0,2.1,PAY0709,QRIS,81000
TRX0610,TGL0963,9/16/2025,CNA0203,Zainal Hidayat,22,BRCH004,Kedai Kopi Merdeka,KOA0105,Medan,MENU008,Americano,KTG0205,Kopi,4,20000,0,3.4,PAY0712,Transfer,80000
TRX0035,TGL0963,9/16/2025,CNA0240,Tono Wirawan,47,BRCH005,Kedai Kopi Losari,KOA0106,Makassar,MENU006,Sandwich Ayam,KTG0206,Makanan,5,32000,0,4.4,PAY0710,Cash,160000
TRX0274,TGL0964,9/17/2025,CNA0127,Citra Permata,48,BRCH001,Kedai Kopi Dago,KOA0102,Bandung,MENU007,Chocolate Latte,KTG0207,Non-Kopi,1,27000,20,3,PAY0712,Transfer,21600
TRX0117,TGL0964,9/17/2025,CNA0105,Hana Salsabila,53,BRCH001,Kedai Kopi Dago,KOA0102,Bandung,MENU005,Croissant,KTG0206,Makanan,5,23000,0,2.5,PAY0709,QRIS,115000
TRX0841,TGL0965,9/18/2025,CNA0117,Oscar Hidayat,53,BRCH005,Kedai Kopi Losari,KOA0106,Makassar,MENU008,Americano,KTG0205,Kopi,5,20000,20,4.6,PAY0710,Cash,80000
TRX0033,TGL0966,9/19/2025,CNA0138,Dian Puspita,53,BRCH004,Kedai Kopi Merdeka,KOA0105,Medan,MENU008,Americano,KTG0205,Kopi,1,20000,5,3.3,PAY0711,Kartu Kredit,19000
TRX0928,TGL0967,9/21/2025,CNA0507,Taufik Rahman,24,BRCH004,Kedai Kopi Merdeka,KOA0105,Medan,MENU007,Chocolate Latte,KTG0207,Non-Kopi,1,27000,5,3,PAY0709,QRIS,25650
TRX0638,TGL0968,9/22/2025,CNA0167,Laila Wardani,38,BRCH001,Kedai Kopi Dago,KOA0102,Bandung,MENU005,Croissant,KTG0206,Makanan,5,23000,0,4.9,PAY0709,QRIS,115000
TRX0356,TGL0969,9/25/2025,CNA0124,Ulfa Anggraini,33,BRCH004,Kedai Kopi Merdeka,KOA0105,Medan,MENU003,Kopi Susu Gula Aren,KTG0205,Kopi,3,22000,15,2.6,PAY0710,Cash,56100
TRX0190,TGL0969,9/25/2025,CNA0175,Lutfi Setiawan,48,BRCH005,Kedai Kopi Losari,KOA0106,Makassar,MENU008,Americano,KTG0205,Kopi,3,20000,10,3.8,PAY0711,Kartu Kredit,54000
TRX0577,TGL0969,9/25/2025,CNA0120,Umar Kurniawan,44,BRCH002,Kedai Kopi Senayan,KOA0103,Jakarta,MENU007,Chocolate Latte,KTG0207,Non-Kopi,4,27000,10,3.5,PAY0712,Transfer,97200
TRX0338,TGL0969,9/25/2025,CNA0381,Jihan Amelia,40,BRCH002,Kedai Kopi Senayan,KOA0103,Jakarta,MENU004,Matcha Latte,KTG0207,Non-Kopi,5,28000,20,3,PAY0711,Kartu Kredit,112000
TRX0824,TGL0970,9/26/2025,CNA0203,Zainal Hidayat,22,BRCH002,Kedai Kopi Senayan,KOA0103,Jakarta,MENU009,Kentang Goreng,KTG0206,Makanan,5,18000,0,1.3,PAY0710,Cash,90000
TRX0175,TGL0971,9/27/2025,CNA0184,Zaki Santoso,24,BRCH005,Kedai Kopi Losari,KOA0106,Makassar,MENU007,Chocolate Latte,KTG0207,Non-Kopi,2,27000,10,1.6,PAY0712,Transfer,48600
TRX0786,TGL0972,9/28/2025,CNA0155,Panji Wardani,18,BRCH004,Kedai Kopi Merdeka,KOA0105,Medan,MENU007,Chocolate Latte,KTG0207,Non-Kopi,4,27000,10,2.8,PAY0709,QRIS,97200
TRX0389,TGL0973,9/29/2025,CNA0144,Widya Puspita,42,BRCH002,Kedai Kopi Senayan,KOA0103,Jakarta,MENU007,Chocolate Latte,KTG0207,Non-Kopi,1,27000,20,1.2,PAY0712,Transfer,21600
TRX0193,TGL0973,9/29/2025,CNA0118,Anisa Salsabila,22,BRCH004,Kedai Kopi Merdeka,KOA0105,Medan,MENU003,Kopi Susu Gula Aren,KTG0205,Kopi,5,22000,10,2.8,PAY0711,Kartu Kredit,99000
TRX0615,TGL0974,9/30/2025,CNA0131,Hadi Iskandar,45,BRCH004,Kedai Kopi Merdeka,KOA0105,Medan,MENU009,Kentang Goreng,KTG0206,Makanan,2,18000,0,4.3,PAY0712,Transfer,36000
TRX0120,TGL0974,9/30/2025,CNA0262,Kevin Saputra,30,BRCH003,Kedai Kopi Tunjungan,KOA0104,Surabaya,MENU007,Chocolate Latte,KTG0207,Non-Kopi,2,27000,15,4.2,PAY0710,Cash,45900
TRX0907,TGL0975,10/1/2025,CNA0853,Sinta Suryadi,32,BRCH004,Kedai Kopi Merdeka,KOA0105,Medan,MENU003,Kopi Susu Gula Aren,KTG0205,Kopi,5,22000,15,1.1,PAY0711,Kartu Kredit,93500
TRX0001,TGL0975,10/1/2025,CNA0268,Gunawan Utami,31,BRCH002,Kedai Kopi Senayan,KOA0103,Jakarta,MENU006,Sandwich Ayam,KTG0206,Makanan,4,32000,0,2.2,PAY0712,Transfer,128000
TRX0060,TGL0975,10/1/2025,CNA0120,Umar Kurniawan,44,BRCH004,Kedai Kopi Merdeka,KOA0105,Medan,MENU002,Red Velvet Cake,KTG0206,Makanan,3,30000,20,4.2,PAY0710,Cash,72000
TRX0004,TGL0976,10/2/2025,CNA0976,Hesti Puspita,31,BRCH003,Kedai Kopi Tunjungan,KOA0104,Surabaya,MENU002,Red Velvet Cake,KTG0206,Makanan,5,30000,0,3.5,PAY0711,Kartu Kredit,150000
TRX0188,TGL0976,10/2/2025,CNA0240,Tono Wirawan,47,BRCH005,Kedai Kopi Losari,KOA0106,Makassar,MENU003,Kopi Susu Gula Aren,KTG0205,Kopi,3,22000,0,2.5,PAY0710,Cash,66000
TRX0742,TGL0977,10/3/2025,CNA0114,Farah Maharani,51,BRCH004,Kedai Kopi Merdeka,KOA0105,Medan,MENU007,Chocolate Latte,KTG0207,Non-Kopi,3,27000,10,3.2,PAY0710,Cash,72900
TRX0964,TGL0978,10/4/2025,CNA0204,Wahyu Saputra,40,BRCH005,Kedai Kopi Losari,KOA0106,Makassar,MENU006,Sandwich Ayam,KTG0206,Makanan,3,32000,15,1.9,PAY0711,Kartu Kredit,81600
TRX0961,TGL0979,10/5/2025,CNA0420,Vina Iskandar,44,BRCH001,Kedai Kopi Dago,KOA0102,Bandung,MENU010,Espresso,KTG0205,Kopi,2,18000,15,3,PAY0712,Transfer,30600
TRX0587,TGL0980,10/6/2025,CNA0105,Hana Salsabila,53,BRCH002,Kedai Kopi Senayan,KOA0103,Jakarta,MENU008,Americano,KTG0205,Kopi,4,20000,0,3.3,PAY0711,Kartu Kredit,80000
TRX0490,TGL0980,10/6/2025,CNA0149,Bella Wijaya,33,BRCH004,Kedai Kopi Merdeka,KOA0105,Medan,MENU002,Red Velvet Cake,KTG0206,Makanan,3,30000,20,5,PAY0710,Cash,72000
TRX0716,TGL0980,10/6/2025,CNA0188,Oki Lestari,19,BRCH001,Kedai Kopi Dago,KOA0102,Bandung,MENU008,Americano,KTG0205,Kopi,2,20000,0,4.9,PAY0709,QRIS,40000
TRX0703,TGL0981,10/7/2025,CNA0186,Taufik Kusuma,53,BRCH001,Kedai Kopi Dago,KOA0102,Bandung,MENU008,Americano,KTG0205,Kopi,3,20000,5,1.1,PAY0710,Cash,57000
TRX0799,TGL0981,10/7/2025,CNA0280,Ulfa Prasetyo,25,BRCH002,Kedai Kopi Senayan,KOA0103,Jakarta,MENU002,Red Velvet Cake,KTG0206,Makanan,4,30000,20,2.1,PAY0712,Transfer,96000
TRX0445,TGL0982,10/9/2025,CNA0132,Putri Anggraini,40,BRCH005,Kedai Kopi Losari,KOA0106,Makassar,MENU009,Kentang Goreng,KTG0206,Makanan,3,18000,15,4.3,PAY0711,Kartu Kredit,45900
TRX0832,TGL0982,10/9/2025,CNA0558,Wulan Nugraha,27,BRCH001,Kedai Kopi Dago,KOA0102,Bandung,MENU002,Red Velvet Cake,KTG0206,Makanan,1,30000,0,1.9,PAY0711,Kartu Kredit,30000
TRX0363,TGL0982,10/9/2025,CNA0106,Indah Rahman,30,BRCH001,Kedai Kopi Dago,KOA0102,Bandung,MENU007,Chocolate Latte,KTG0207,Non-Kopi,2,27000,5,4.5,PAY0709,QRIS,51300
TRX0738,TGL0983,10/11/2025,CNA0123,Qonaah Kurniawan,31,BRCH004,Kedai Kopi Merdeka,KOA0105,Medan,MENU006,Sandwich Ayam,KTG0206,Makanan,3,32000,5,4.8,PAY0712,Transfer,91200
TRX0018,TGL0984,10/13/2025,CNA0537,Jihan Wijaya,19,BRCH005,Kedai Kopi Losari,KOA0106,Makassar,MENU004,Matcha Latte,KTG0207,Non-Kopi,3,28000,15,3,PAY0710,Cash,71400
TRX0352,TGL0985,10/14/2025,CNA0171,Candra Iskandar,43,BRCH004,Kedai Kopi Merdeka,KOA0105,Medan,MENU006,Sandwich Ayam,KTG0206,Makanan,1,32000,15,4.3,PAY0709,QRIS,27200
TRX0387,TGL0985,10/14/2025,CNA0497,Xena Santoso,25,BRCH003,Kedai Kopi Tunjungan,KOA0104,Surabaya,MENU006,Sandwich Ayam,KTG0206,Makanan,3,32000,10,1.2,PAY0711,Kartu Kredit,86400
TRX0728,TGL0986,10/15/2025,CNA0203,Zainal Hidayat,22,BRCH003,Kedai Kopi Tunjungan,KOA0104,Surabaya,MENU002,Red Velvet Cake,KTG0206,Makanan,3,30000,0,1.7,PAY0710,Cash,90000
TRX0141,TGL0986,10/15/2025,CNA0234,Salsa Santoso,37,BRCH003,Kedai Kopi Tunjungan,KOA0104,Surabaya,MENU010,Espresso,KTG0205,Kopi,3,18000,0,3.3,PAY0712,Transfer,54000
TRX0172,TGL0987,10/17/2025,CNA0350,Cahyo Firmansyah,52,BRCH005,Kedai Kopi Losari,KOA0106,Makassar,MENU005,Croissant,KTG0206,Makanan,4,23000,0,1.1,PAY0712,Transfer,92000
TRX0207,TGL0987,10/17/2025,CNA0274,Hadi Hidayat,27,BRCH004,Kedai Kopi Merdeka,KOA0105,Medan,MENU010,Espresso,KTG0205,Kopi,1,18000,10,1.1,PAY0712,Transfer,16200
TRX0432,TGL0987,10/17/2025,CNA0670,Sari Lestari,39,BRCH005,Kedai Kopi Losari,KOA0106,Makassar,MENU001,Cappuccino,KTG0205,Kopi,2,25000,10,3.4,PAY0709,QRIS,45000
TRX0368,TGL0988,10/18/2025,CNA0885,Elang Prasetyo,26,BRCH004,Kedai Kopi Merdeka,KOA0105,Medan,MENU006,Sandwich Ayam,KTG0206,Makanan,2,32000,0,2.4,PAY0710,Cash,64000
TRX0179,TGL0988,10/18/2025,CNA0904,Teguh Setiawan,46,BRCH003,Kedai Kopi Tunjungan,KOA0104,Surabaya,MENU002,Red Velvet Cake,KTG0206,Makanan,1,30000,0,2.1,PAY0710,Cash,30000
TRX0343,TGL0989,10/19/2025,CNA0119,Rizky Ramadhan,35,BRCH005,Kedai Kopi Losari,KOA0106,Makassar,MENU010,Espresso,KTG0205,Kopi,4,18000,0,1.2,PAY0711,Kartu Kredit,72000
TRX0232,TGL0990,10/20/2025,CNA0233,Jasmine Permata,18,BRCH002,Kedai Kopi Senayan,KOA0103,Jakarta,MENU001,Cappuccino,KTG0205,Kopi,3,25000,0,4.7,PAY0709,QRIS,75000
TRX0418,TGL0990,10/20/2025,CNA0772,Lina Kurniawan,28,BRCH004,Kedai Kopi Merdeka,KOA0105,Medan,MENU004,Matcha Latte,KTG0207,Non-Kopi,1,28000,0,1.3,PAY0710,Cash,28000
TRX0025,TGL0990,10/20/2025,CNA0391,Dewi Maharani,44,BRCH005,Kedai Kopi Losari,KOA0106,Makassar,MENU002,Red Velvet Cake,KTG0206,Makanan,2,30000,5,3,PAY0712,Transfer,57000
TRX0178,TGL0990,10/20/2025,CNA0208,Ratna Wardani,21,BRCH005,Kedai Kopi Losari,KOA0106,Makassar,MENU008,Americano,KTG0205,Kopi,2,20000,5,3.9,PAY0711,Kartu Kredit,38000
TRX0081,TGL0990,10/20/2025,CNA0560,Zaki Wijaya,41,BRCH005,Kedai Kopi Losari,KOA0106,Makassar,MENU002,Red Velvet Cake,KTG0206,Makanan,5,30000,0,4.3,PAY0712,Transfer,150000
TRX0845,TGL0991,10/21/2025,CNA0646,Ovi Wardani,27,BRCH003,Kedai Kopi Tunjungan,KOA0104,Surabaya,MENU003,Kopi Susu Gula Aren,KTG0205,Kopi,1,22000,0,1.6,PAY0710,Cash,22000
TRX0391,TGL0991,10/21/2025,CNA0511,Zaki Prasetyo,36,BRCH001,Kedai Kopi Dago,KOA0102,Bandung,MENU001,Cappuccino,KTG0205,Kopi,4,25000,0,1.2,PAY0709,QRIS,100000
TRX0887,TGL0992,10/22/2025,CNA0295,Vina Maharani,42,BRCH004,Kedai Kopi Merdeka,KOA0105,Medan,MENU010,Espresso,KTG0205,Kopi,4,18000,0,3.8,PAY0710,Cash,72000
TRX0919,TGL0993,10/23/2025,CNA0315,Yusuf Firmansyah,51,BRCH005,Kedai Kopi Losari,KOA0106,Makassar,MENU008,Americano,KTG0205,Kopi,5,20000,10,4.6,PAY0712,Transfer,90000
TRX0679,TGL0993,10/23/2025,CNA1010,Hesti Kusuma,38,BRCH002,Kedai Kopi Senayan,KOA0103,Jakarta,MENU001,Cappuccino,KTG0205,Kopi,5,25000,15,4.4,PAY0709,QRIS,106250
TRX0119,TGL0994,10/24/2025,CNA0180,Joko Santoso,19,BRCH003,Kedai Kopi Tunjungan,KOA0104,Surabaya,MENU006,Sandwich Ayam,KTG0206,Makanan,5,32000,10,2.9,PAY0709,QRIS,144000
TRX0563,TGL0994,10/24/2025,CNA0199,Dian Permata,24,BRCH005,Kedai Kopi Losari,KOA0106,Makassar,MENU004,Matcha Latte,KTG0207,Non-Kopi,4,28000,10,5,PAY0710,Cash,100800
TRX0291,TGL0994,10/24/2025,CNA0670,Sari Lestari,39,BRCH003,Kedai Kopi Tunjungan,KOA0104,Surabaya,MENU010,Espresso,KTG0205,Kopi,5,18000,20,1.9,PAY0712,Transfer,72000
TRX0910,TGL0995,10/25/2025,CNA0145,Qori Pratama,19,BRCH005,Kedai Kopi Losari,KOA0106,Makassar,MENU004,Matcha Latte,KTG0207,Non-Kopi,1,28000,20,2,PAY0711,Kartu Kredit,22400
TRX0690,TGL0995,10/25/2025,CNA0105,Hana Salsabila,53,BRCH003,Kedai Kopi Tunjungan,KOA0104,Surabaya,MENU003,Kopi Susu Gula Aren,KTG0205,Kopi,3,22000,0,3.1,PAY0712,Transfer,66000
TRX0290,TGL0995,10/25/2025,CNA0211,Puti Saputra,49,BRCH002,Kedai Kopi Senayan,KOA0103,Jakarta,MENU008,Americano,KTG0205,Kopi,1,20000,0,4.5,PAY0711,Kartu Kredit,20000
TRX0243,TGL0995,10/25/2025,CNA0174,Candra Wijaya,48,BRCH004,Kedai Kopi Merdeka,KOA0105,Medan,MENU004,Matcha Latte,KTG0207,Non-Kopi,5,28000,0,2.1,PAY0711,Kartu Kredit,140000
TRX0791,TGL0996,10/26/2025,CNA0121,Tono Maharani,25,BRCH005,Kedai Kopi Losari,KOA0106,Makassar,MENU004,Matcha Latte,KTG0207,Non-Kopi,5,28000,0,1.4,PAY0710,Cash,140000
TRX0148,TGL0996,10/26/2025,CNA0230,Wahyu Wardani,23,BRCH005,Kedai Kopi Losari,KOA0106,Makassar,MENU006,Sandwich Ayam,KTG0206,Makanan,2,32000,20,1.8,PAY0712,Transfer,51200
TRX0625,TGL0997,10/27/2025,CNA0205,Miko Rahman,17,BRCH001,Kedai Kopi Dago,KOA0102,Bandung,MENU006,Sandwich Ayam,KTG0206,Makanan,1,32000,15,4.9,PAY0712,Transfer,27200
TRX0895,TGL0997,10/27/2025,CNA0199,Dian Permata,24,BRCH003,Kedai Kopi Tunjungan,KOA0104,Surabaya,MENU009,Kentang Goreng,KTG0206,Makanan,2,18000,10,1.6,PAY0709,QRIS,32400
TRX0920,TGL0997,10/27/2025,CNA0242,Ahmad Lestari,40,BRCH003,Kedai Kopi Tunjungan,KOA0104,Surabaya,MENU003,Kopi Susu Gula Aren,KTG0205,Kopi,4,22000,20,1,PAY0709,QRIS,70400
TRX0573,TGL0998,10/28/2025,CNA0333,Utari Lestari,27,BRCH002,Kedai Kopi Senayan,KOA0103,Jakarta,MENU004,Matcha Latte,KTG0207,Non-Kopi,5,28000,15,1.5,PAY0709,QRIS,119000
TRX0438,TGL0999,10/29/2025,CNA0654,Laila Suryadi,35,BRCH004,Kedai Kopi Merdeka,KOA0105,Medan,MENU010,Espresso,KTG0205,Kopi,5,18000,0,4.6,PAY0710,Cash,90000
TRX0808,TGL1000,10/30/2025,CNA0641,Panji Lestari,41,BRCH003,Kedai Kopi Tunjungan,KOA0104,Surabaya,MENU002,Red Velvet Cake,KTG0206,Makanan,2,30000,20,1.4,PAY0711,Kartu Kredit,48000
TRX0067,TGL1001,10/31/2025,CNA0381,Jihan Amelia,40,BRCH002,Kedai Kopi Senayan,KOA0103,Jakarta,MENU004,Matcha Latte,KTG0207,Non-Kopi,1,28000,20,4.6,PAY0711,Kartu Kredit,22400
TRX0942,TGL1001,10/31/2025,CNA0280,Ulfa Prasetyo,25,BRCH002,Kedai Kopi Senayan,KOA0103,Jakarta,MENU005,Croissant,KTG0206,Makanan,2,23000,0,4.7,PAY0709,QRIS,46000
TRX0177,TGL1001,10/31/2025,CNA0278,Utari Rahman,32,BRCH005,Kedai Kopi Losari,KOA0106,Makassar,MENU004,Matcha Latte,KTG0207,Non-Kopi,2,28000,10,1.8,PAY0710,Cash,50400
TRX0575,TGL1002,11/2/2025,CNA0108,Jasmine Halim,21,BRCH004,Kedai Kopi Merdeka,KOA0105,Medan,MENU004,Matcha Latte,KTG0207,Non-Kopi,2,28000,0,3.6,PAY0709,QRIS,56000
TRX0409,TGL1002,11/2/2025,CNA0199,Dian Permata,24,BRCH003,Kedai Kopi Tunjungan,KOA0104,Surabaya,MENU006,Sandwich Ayam,KTG0206,Makanan,1,32000,15,3.8,PAY0711,Kartu Kredit,27200
TRX0032,TGL1003,11/3/2025,CNA0149,Bella Wijaya,33,BRCH002,Kedai Kopi Senayan,KOA0103,Jakarta,MENU004,Matcha Latte,KTG0207,Non-Kopi,4,28000,0,3.2,PAY0709,QRIS,112000
TRX1000,TGL1003,11/3/2025,CNA0511,Zaki Prasetyo,36,BRCH001,Kedai Kopi Dago,KOA0102,Bandung,MENU005,Croissant,KTG0206,Makanan,4,23000,15,4.3,PAY0712,Transfer,78200
TRX0734,TGL1003,11/3/2025,CNA0641,Panji Lestari,41,BRCH004,Kedai Kopi Merdeka,KOA0105,Medan,MENU004,Matcha Latte,KTG0207,Non-Kopi,5,28000,20,2.8,PAY0712,Transfer,112000
TRX0516,TGL1004,11/4/2025,CNA0170,Yudha Wijaya,18,BRCH001,Kedai Kopi Dago,KOA0102,Bandung,MENU008,Americano,KTG0205,Kopi,4,20000,15,1.2,PAY0712,Transfer,68000
TRX0245,TGL1005,11/5/2025,CNA0114,Farah Maharani,51,BRCH002,Kedai Kopi Senayan,KOA0103,Jakarta,MENU003,Kopi Susu Gula Aren,KTG0205,Kopi,5,22000,0,3,PAY0711,Kartu Kredit,110000
TRX0443,TGL1006,11/6/2025,CNA0183,Candra Yulianto,54,BRCH001,Kedai Kopi Dago,KOA0102,Bandung,MENU005,Croissant,KTG0206,Makanan,2,23000,0,1.9,PAY0712,Transfer,46000
TRX0282,TGL1006,11/6/2025,CNA0227,Hana Kurniawan,17,BRCH001,Kedai Kopi Dago,KOA0102,Bandung,MENU010,Espresso,KTG0205,Kopi,1,18000,10,4,PAY0712,Transfer,16200
TRX0416,TGL1006,11/6/2025,CNA0299,Ulfa Lestari,38,BRCH005,Kedai Kopi Losari,KOA0106,Makassar,MENU009,Kentang Goreng,KTG0206,Makanan,5,18000,15,3.1,PAY0711,Kartu Kredit,76500
TRX0494,TGL1007,11/7/2025,CNA0297,Ilham Susanto,28,BRCH002,Kedai Kopi Senayan,KOA0103,Jakarta,MENU002,Red Velvet Cake,KTG0206,Makanan,5,30000,20,2.4,PAY0710,Cash,120000
TRX0960,TGL1008,11/8/2025,CNA0145,Qori Pratama,19,BRCH001,Kedai Kopi Dago,KOA0102,Bandung,MENU001,Cappuccino,KTG0205,Kopi,3,25000,15,1.4,PAY0710,Cash,63750
TRX0050,TGL1009,11/11/2025,CNA0262,Kevin Saputra,30,BRCH003,Kedai Kopi Tunjungan,KOA0104,Surabaya,MENU003,Kopi Susu Gula Aren,KTG0205,Kopi,4,22000,15,4.7,PAY0710,Cash,74800
TRX0130,TGL1010,11/12/2025,CNA0239,Hadi Kurniawan,23,BRCH004,Kedai Kopi Merdeka,KOA0105,Medan,MENU006,Sandwich Ayam,KTG0206,Makanan,5,32000,0,3.5,PAY0710,Cash,160000
TRX0159,TGL1010,11/12/2025,CNA0236,Qonita Kusuma,20,BRCH004,Kedai Kopi Merdeka,KOA0105,Medan,MENU001,Cappuccino,KTG0205,Kopi,3,25000,5,4,PAY0709,QRIS,71250
TRX0583,TGL1010,11/12/2025,CNA0558,Wulan Nugraha,27,BRCH004,Kedai Kopi Merdeka,KOA0105,Medan,MENU003,Kopi Susu Gula Aren,KTG0205,Kopi,3,22000,20,4.3,PAY0711,Kartu Kredit,52800
TRX0862,TGL1011,11/13/2025,CNA0654,Laila Suryadi,35,BRCH001,Kedai Kopi Dago,KOA0102,Bandung,MENU006,Sandwich Ayam,KTG0206,Makanan,5,32000,0,3.5,PAY0712,Transfer,160000
TRX0408,TGL1012,11/15/2025,CNA0113,Wulan Saputra,33,BRCH004,Kedai Kopi Merdeka,KOA0105,Medan,MENU010,Espresso,KTG0205,Kopi,2,18000,0,2.4,PAY0709,QRIS,36000
TRX0504,TGL1012,11/15/2025,CNA0109,Agus Lestari,45,BRCH001,Kedai Kopi Dago,KOA0102,Bandung,MENU008,Americano,KTG0205,Kopi,2,20000,0,5,PAY0710,Cash,40000
TRX0837,TGL1012,11/15/2025,CNA0312,Zaki Yulianto,49,BRCH003,Kedai Kopi Tunjungan,KOA0104,Surabaya,MENU009,Kentang Goreng,KTG0206,Makanan,1,18000,0,2.6,PAY0709,QRIS,18000
TRX0136,TGL1012,11/15/2025,CNA0203,Zainal Hidayat,22,BRCH003,Kedai Kopi Tunjungan,KOA0104,Surabaya,MENU007,Chocolate Latte,KTG0207,Non-Kopi,1,27000,0,4.5,PAY0711,Kartu Kredit,27000
TRX0116,TGL1013,11/16/2025,CNA0255,Citra Prasetyo,30,BRCH004,Kedai Kopi Merdeka,KOA0105,Medan,MENU001,Cappuccino,KTG0205,Kopi,2,25000,5,4.3,PAY0712,Transfer,47500
TRX0062,TGL1014,11/18/2025,CNA0122,Reza Iskandar,20,BRCH005,Kedai Kopi Losari,KOA0106,Makassar,MENU009,Kentang Goreng,KTG0206,Makanan,3,18000,20,2.9,PAY0709,QRIS,43200
TRX0286,TGL1015,11/19/2025,CNA0434,Ratna Saputra,37,BRCH003,Kedai Kopi Tunjungan,KOA0104,Surabaya,MENU004,Matcha Latte,KTG0207,Non-Kopi,1,28000,0,2.7,PAY0712,Transfer,28000
TRX0479,TGL1015,11/19/2025,CNA0169,Hana Permata,53,BRCH001,Kedai Kopi Dago,KOA0102,Bandung,MENU008,Americano,KTG0205,Kopi,4,20000,5,4.5,PAY0712,Transfer,76000
TRX0926,TGL1015,11/19/2025,CNA0192,Utari Handoko,20,BRCH003,Kedai Kopi Tunjungan,KOA0104,Surabaya,MENU005,Croissant,KTG0206,Makanan,5,23000,0,2,PAY0712,Transfer,115000
TRX0244,TGL1016,11/20/2025,CNA0148,Fitri Kusuma,53,BRCH003,Kedai Kopi Tunjungan,KOA0104,Surabaya,MENU009,Kentang Goreng,KTG0206,Makanan,5,18000,15,3.4,PAY0709,QRIS,76500
TRX0735,TGL1016,11/20/2025,CNA0152,Ulfa Ramadhan,49,BRCH001,Kedai Kopi Dago,KOA0102,Bandung,MENU006,Sandwich Ayam,KTG0206,Makanan,4,32000,5,2,PAY0709,QRIS,121600
TRX0785,TGL1017,11/21/2025,CNA0760,Sinta Saputra,48,BRCH004,Kedai Kopi Merdeka,KOA0105,Medan,MENU001,Cappuccino,KTG0205,Kopi,1,25000,0,5,PAY0712,Transfer,25000
TRX0248,TGL1017,11/21/2025,CNA0134,Lutfi Halim,54,BRCH002,Kedai Kopi Senayan,KOA0103,Jakarta,MENU008,Americano,KTG0205,Kopi,5,20000,20,2.2,PAY0710,Cash,80000
TRX0158,TGL1018,11/22/2025,CNA0149,Bella Wijaya,33,BRCH003,Kedai Kopi Tunjungan,KOA0104,Surabaya,MENU001,Cappuccino,KTG0205,Kopi,4,25000,0,2.3,PAY0711,Kartu Kredit,100000
TRX0671,TGL1018,11/22/2025,CNA0885,Elang Prasetyo,26,BRCH005,Kedai Kopi Losari,KOA0106,Makassar,MENU001,Cappuccino,KTG0205,Kopi,1,25000,5,1.8,PAY0709,QRIS,23750
TRX0612,TGL1018,11/22/2025,CNA0674,Ovi Iskandar,30,BRCH002,Kedai Kopi Senayan,KOA0103,Jakarta,MENU008,Americano,KTG0205,Kopi,3,20000,10,1.4,PAY0712,Transfer,54000
TRX0333,TGL1019,11/23/2025,CNA0131,Hadi Iskandar,45,BRCH003,Kedai Kopi Tunjungan,KOA0104,Surabaya,MENU006,Sandwich Ayam,KTG0206,Makanan,3,32000,10,3.4,PAY0709,QRIS,86400
TRX0295,TGL1020,11/25/2025,CNA0230,Wahyu Wardani,23,BRCH005,Kedai Kopi Losari,KOA0106,Makassar,MENU008,Americano,KTG0205,Kopi,3,20000,10,2.2,PAY0709,QRIS,54000
TRX0569,TGL1021,11/26/2025,CNA0126,Sinta Iskandar,30,BRCH004,Kedai Kopi Merdeka,KOA0105,Medan,MENU004,Matcha Latte,KTG0207,Non-Kopi,3,28000,0,3.7,PAY0710,Cash,84000
TRX0829,TGL1021,11/26/2025,CNA0166,Umar Handoko,48,BRCH001,Kedai Kopi Dago,KOA0102,Bandung,MENU005,Croissant,KTG0206,Makanan,5,23000,15,1.2,PAY0709,QRIS,97750
TRX0210,TGL1022,11/27/2025,CNA0204,Wahyu Saputra,40,BRCH001,Kedai Kopi Dago,KOA0102,Bandung,MENU003,Kopi Susu Gula Aren,KTG0205,Kopi,4,22000,0,3.5,PAY0710,Cash,88000
TRX0149,TGL1023,11/28/2025,CNA0513,Maya Salsabila,52,BRCH005,Kedai Kopi Losari,KOA0106,Makassar,MENU005,Croissant,KTG0206,Makanan,5,23000,0,2.1,PAY0709,QRIS,115000
TRX0446,TGL1023,11/28/2025,CNA0184,Zaki Santoso,24,BRCH004,Kedai Kopi Merdeka,KOA0105,Medan,MENU004,Matcha Latte,KTG0207,Non-Kopi,3,28000,20,1.6,PAY0709,QRIS,67200
TRX0627,TGL1024,11/29/2025,CNA0385,Putri Santoso,50,BRCH004,Kedai Kopi Merdeka,KOA0105,Medan,MENU004,Matcha Latte,KTG0207,Non-Kopi,4,28000,0,4.3,PAY0711,Kartu Kredit,112000
TRX0305,TGL1024,11/29/2025,CNA0277,Gita Suryadi,52,BRCH001,Kedai Kopi Dago,KOA0102,Bandung,MENU009,Kentang Goreng,KTG0206,Makanan,2,18000,10,1.8,PAY0712,Transfer,32400
TRX0104,TGL1025,11/30/2025,CNA0319,Ulfa Rahman,31,BRCH002,Kedai Kopi Senayan,KOA0103,Jakarta,MENU003,Kopi Susu Gula Aren,KTG0205,Kopi,1,22000,0,3.7,PAY0710,Cash,22000
TRX0932,TGL1026,12/1/2025,CNA0151,Erna Maharani,20,BRCH002,Kedai Kopi Senayan,KOA0103,Jakarta,MENU008,Americano,KTG0205,Kopi,3,20000,0,4.6,PAY0711,Kartu Kredit,60000
TRX0201,TGL1027,12/4/2025,CNA0126,Sinta Iskandar,30,BRCH003,Kedai Kopi Tunjungan,KOA0104,Surabaya,MENU009,Kentang Goreng,KTG0206,Makanan,1,18000,0,4.4,PAY0712,Transfer,18000
TRX0451,TGL1027,12/4/2025,CNA0202,Dian Pratama,53,BRCH002,Kedai Kopi Senayan,KOA0103,Jakarta,MENU010,Espresso,KTG0205,Kopi,5,18000,0,1,PAY0711,Kartu Kredit,90000
TRX0534,TGL1027,12/4/2025,CNA0203,Zainal Hidayat,22,BRCH005,Kedai Kopi Losari,KOA0106,Makassar,MENU005,Croissant,KTG0206,Makanan,5,23000,5,2.2,PAY0712,Transfer,109250
TRX0047,TGL1028,12/6/2025,CNA0111,Gita Santoso,40,BRCH002,Kedai Kopi Senayan,KOA0103,Jakarta,MENU001,Cappuccino,KTG0205,Kopi,2,25000,10,4,PAY0709,QRIS,45000
TRX0463,TGL1029,12/9/2025,CNA0222,Joko Maharani,34,BRCH004,Kedai Kopi Merdeka,KOA0105,Medan,MENU005,Croissant,KTG0206,Makanan,2,23000,0,1,PAY0711,Kartu Kredit,46000
TRX0489,TGL1029,12/9/2025,CNA0537,Jihan Wijaya,19,BRCH002,Kedai Kopi Senayan,KOA0103,Jakarta,MENU008,Americano,KTG0205,Kopi,5,20000,0,4.5,PAY0709,QRIS,100000
TRX0913,TGL1030,12/10/2025,CNA0123,Qonaah Kurniawan,31,BRCH005,Kedai Kopi Losari,KOA0106,Makassar,MENU004,Matcha Latte,KTG0207,Non-Kopi,5,28000,0,3.8,PAY0712,Transfer,140000
TRX0681,TGL1030,12/10/2025,CNA0172,Xena Halim,51,BRCH005,Kedai Kopi Losari,KOA0106,Makassar,MENU001,Cappuccino,KTG0205,Kopi,3,25000,0,3.7,PAY0711,Kartu Kredit,75000
TRX0850,TGL1031,12/12/2025,CNA0164,Bella Pratama,48,BRCH002,Kedai Kopi Senayan,KOA0103,Jakarta,MENU005,Croissant,KTG0206,Makanan,2,23000,0,2.2,PAY0712,Transfer,46000
TRX0641,TGL1032,12/14/2025,CNA0507,Taufik Rahman,24,BRCH001,Kedai Kopi Dago,KOA0102,Bandung,MENU006,Sandwich Ayam,KTG0206,Makanan,4,32000,0,4.5,PAY0709,QRIS,128000
TRX0381,TGL1032,12/14/2025,CNA0240,Tono Wirawan,47,BRCH002,Kedai Kopi Senayan,KOA0103,Jakarta,MENU002,Red Velvet Cake,KTG0206,Makanan,5,30000,5,1.9,PAY0710,Cash,142500
TRX0495,TGL1032,12/14/2025,CNA0277,Gita Suryadi,52,BRCH004,Kedai Kopi Merdeka,KOA0105,Medan,MENU004,Matcha Latte,KTG0207,Non-Kopi,2,28000,0,2.1,PAY0709,QRIS,56000
TRX0710,TGL1033,12/15/2025,CNA0212,Novi Saputra,39,BRCH001,Kedai Kopi Dago,KOA0102,Bandung,MENU009,Kentang Goreng,KTG0206,Makanan,5,18000,10,1.9,PAY0712,Transfer,81000
TRX0505,TGL1034,12/17/2025,CNA0290,Novi Hidayat,30,BRCH004,Kedai Kopi Merdeka,KOA0105,Medan,MENU009,Kentang Goreng,KTG0206,Makanan,2,18000,10,4.1,PAY0711,Kartu Kredit,32400
TRX0315,TGL1035,12/18/2025,CNA0199,Dian Permata,24,BRCH001,Kedai Kopi Dago,KOA0102,Bandung,MENU009,Kentang Goreng,KTG0206,Makanan,1,18000,20,2,PAY0710,Cash,14400
TRX0613,TGL1036,12/19/2025,CNA0374,Taufik Handoko,24,BRCH004,Kedai Kopi Merdeka,KOA0105,Medan,MENU001,Cappuccino,KTG0205,Kopi,3,25000,0,1.3,PAY0710,Cash,75000
TRX0049,TGL1037,12/20/2025,CNA0169,Hana Permata,53,BRCH001,Kedai Kopi Dago,KOA0102,Bandung,MENU010,Espresso,KTG0205,Kopi,4,18000,5,3.8,PAY0711,Kartu Kredit,68400
TRX0939,TGL1038,12/23/2025,CNA0188,Oki Lestari,19,BRCH001,Kedai Kopi Dago,KOA0102,Bandung,MENU009,Kentang Goreng,KTG0206,Makanan,5,18000,0,1.2,PAY0711,Kartu Kredit,90000
TRX0720,TGL1039,12/24/2025,CNA0297,Ilham Susanto,28,BRCH005,Kedai Kopi Losari,KOA0106,Makassar,MENU008,Americano,KTG0205,Kopi,2,20000,5,2,PAY0711,Kartu Kredit,38000
TRX0455,TGL1039,12/24/2025,CNA0646,Ovi Wardani,27,BRCH005,Kedai Kopi Losari,KOA0106,Makassar,MENU008,Americano,KTG0205,Kopi,4,20000,0,3.1,PAY0709,QRIS,80000
TRX0769,TGL1040,12/25/2025,CNA0291,Vina Suryadi,39,BRCH005,Kedai Kopi Losari,KOA0106,Makassar,MENU002,Red Velvet Cake,KTG0206,Makanan,3,30000,0,1.7,PAY0712,Transfer,90000
TRX0617,TGL1041,12/26/2025,CNA0228,Taufik Salsabila,40,BRCH001,Kedai Kopi Dago,KOA0102,Bandung,MENU008,Americano,KTG0205,Kopi,1,20000,10,2.9,PAY0711,Kartu Kredit,18000
TRX0876,TGL1041,12/26/2025,CNA0127,Citra Permata,48,BRCH005,Kedai Kopi Losari,KOA0106,Makassar,MENU005,Croissant,KTG0206,Makanan,3,23000,10,2.8,PAY0712,Transfer,62100
TRX0265,TGL1042,12/27/2025,CNA0110,Fitri Permata,39,BRCH002,Kedai Kopi Senayan,KOA0103,Jakarta,MENU007,Chocolate Latte,KTG0207,Non-Kopi,4,27000,0,2,PAY0709,QRIS,108000
TRX0146,TGL1042,12/27/2025,CNA0531,Vera Hidayat,45,BRCH001,Kedai Kopi Dago,KOA0102,Bandung,MENU007,Chocolate Latte,KTG0207,Non-Kopi,3,27000,0,3.7,PAY0711,Kartu Kredit,81000
TRX0302,TGL1043,12/29/2025,CNA0119,Rizky Ramadhan,35,BRCH002,Kedai Kopi Senayan,KOA0103,Jakarta,MENU001,Cappuccino,KTG0205,Kopi,2,25000,5,3.1,PAY0709,QRIS,47500
TRX0280,TGL1043,12/29/2025,CNA0242,Ahmad Lestari,40,BRCH005,Kedai Kopi Losari,KOA0106,Makassar,MENU005,Croissant,KTG0206,Makanan,2,23000,0,2.2,PAY0709,QRIS,46000
TRX0594,TGL1044,12/30/2025,CNA0138,Dian Puspita,53,BRCH005,Kedai Kopi Losari,KOA0106,Makassar,MENU009,Kentang Goreng,KTG0206,Makanan,2,18000,0,3.4,PAY0711,Kartu Kredit,36000
